idItinerario,codigoAeropuerto,nombreAeropuerto
1,AAL,"Aalborg, Denmark Aalborg"
2,AES,"Aalesund, Norway Vigra"
3,AAR,"Aarhus, Denmark Tirstrup"
4,YXX,"Abbotsford, Canada   Abbotsford Airport"
5,ABZ,"Aberdeen, Scotland, United Kingdom Dyce"
6,ABR,"Aberdeen, SD, USA Aberdeen Regional Airport"
7,AHB,"Abha, Saudi Arabia   Abha Airport"
8,ABJ,"Abidjan, Cote D'ivoire Port Bouet"
9,ABI,"Abilene, TX, USA Municipal"
10,AUH,"Abu Dhabi, United Arab Emirates Abu Dhabi International"
11,ABS,"Abu Simbel, Egypt Abu Simbel"
12,ABV,"Abuja, Nigeria   Abuja International Airport"
13,ACA,"Acapulco, Guerrero, Mexico Alvarez International"
14,ACC,"Accra, Ghana Kotoka"
15,ADK,"Adak Island, Alaska, USA, Adak Island Airport"
16,ADA,"Adana, Turkey Adana"
17,ADD,"Addis Ababa, Ethiopia Bole"
18,ADL,"Adelaide, South Australia, Australia Adelaide"
19,ADE,"Aden, Yemen   Aden International Airport"
20,AGA,"Agadir, Morocco Inezgane"
21,GUM,"Agana, Guam, Guam Ab Wonpat Intl Airport"
22,IXA,"Agartala, India Singerbhil"
23,QGG,"Agedabia, Libya"
24,AGF,"Agen, France La Garenne"
25,AGR,"Agra, India Kheria"
26,AJI,"Agri, Turkey   Agri Airport"
27,BQN,"Aguadilla, PR, USA"
28,AGU,"Aguascalientes, Aguascalientes, Mexico"
29,IKA,"Ahmadabad (Tehran), Iran   Imam Khomeini International Airport"
30,AMD,"Ahmedabad, India Ahmedabad"
31,AWZ,"Ahwaz, Iran   Ahwaz Airport"
32,QXB,"Aix En Provence, France   Aix En Provence Airport"
33,AJA,"Ajaccio, Corsica, France Campo Dell Oro"
34,AXT,"Akita, Japan   Akita Airport"
35,CAK,"Akron/Canton, OH, USA AkronCanton Regional Airport"
36,AKU,"Aksu, China   Aksu Airport"
37,PVK,"Aktion, Greece   Preveza Lefkas Airport"
38,AKV,"Akulivik, Canada   Akulivik Airport"
39,AEY,"Akureyri, Iceland Akureyri"
40,KQA,"Akutan, Alaska, USA   Akutan Airport"
41,AAN,"Al Ain, United Arab Emirates   Al Ain Airport"
42,AAC,"Al Arish, Egypt   Al Arish Airport"
43,ABT,"Al Baha, Saudi Arabia   Al Baha Al Aqiq Airport"
44,AHU,"Al Hoceima, Morocco   Al Hoceima Airport"
45,ALM,"Alamogordo, NM, USA"
46,ALS,"Alamosa, CO, USA Bergman Field"
47,ABC,"Albacete, Spain   Albacete Airport"
48,ABY,"Albany, GA, USA Dougherty County"
49,ALB,"Albany, NY, USA Albany County Airport"
50,ALL,"Albenga, Italy   Albenga Airport"
51,ABQ,"Albuquerque, NM, USA Albuquerque International Airport"
52,ABX,"Albury, New South Wales, Australia Albury"
53,ACI,"Alderney, Channel Islands, United Kingdom The Blaye"
54,WKK,"Aleknagik, Alaska, USA   Aleknagik Airport"
55,AED,"Aleneva, Alaska, USA   Aleneva Airport"
56,ALP,"Aleppo, Syria Nejrab"
57,ALY,"Alexandria, Egypt Alexandria"
58,HBE,"ALexandria, Egypt Borg El Arab Airport"
59,AEX,"Alexandria, LA, USA Alexandria Intl Airport"
60,XFS,"Alexandria, Ontario, Canada Alexandria / Via Rail Service"
61,AXD,"Alexandroupolis, Greece Alexandroupolis"
62,AHO,"Alghero, Sardinia, Italy Fertilia"
63,ALG,"Algiers, Algeria Houari Boumedienne"
64,ALC,"Alicante, Spain Alicante"
65,ASP,"Alice Springs, Northern Territory, Australia Alice Springs"
66,IXD,"Allahabad, India Bamrauli"
67,AET,"Allakaket, AK, USA"
68,ABE,"Allentown Bethlehem Easton International, PA, USA"
69,ABE,"Allentown, PA, USA AllentownBethlehemEaston Airport"
70,AIA,"Alliance, NE, USA"
71,ALA,"Almaty, Kazakhstan Almaty"
72,LEI,"Almeria, Spain Almeria"
73,IXV,"Along, India Along"
74,AOR,"Alor Setar, Malaysia Sultan Abdul Halim"
75,GUR,"Alotau, Papua New Guinea Gurney"
76,APN,"Alpena, MI, USA Alpena Regional Airport"
77,ALE,"Alpine, TX, USA Alpine Texas"
78,ALF,"Alta, Norway Elvebakken"
79,ATM,"Altamira, Brazil   Altamira Airport"
80,LTI,"Altai, Govi Altai, Mongolia   Altai Airport"
81,AAT,"Altay, China   Altay Airport"
82,ACH,"Altenrhein, Switzerland   Altenrhein Airport"
83,AOO,"Altoona / Martinsburg, PA, USA Blair County"
84,ASJ,"Amami O Shima, Japan   Amami O Shima Airport"
85,AMA,"Amarillo, TX, USA Amarillo International Airport"
86,ABL,"Ambler, AK, USA"
87,AMQ,"Ambon, Indonesia Pattimura"
88,ADJ,"Amman, Jordan Civil"
89,AMM,"Amman, Jordan Queen Alia International"
90,YEY,"Amos, Quebec, Canada"
91,ATQ,"Amritsar, Punjab, India   Raja Sansi International Airport"
92,AMS,"Amsterdam, Netherlands Schiphol"
93,AAQ,"Anapa Airport   Russia"
94,ANC,"Anchorage, AK, USA Anchorage International"
95,AOI,"Ancona, Italy Falconara"
96,AZN,"Andizhan, Uzbekistan   Andizhan Airport"
97,ASD,"Andros Town, Bahamas"
98,ANG,"Angouleme, France GelAir"
99,AGN,"Angoon, Alaska, USA   Angoon Airport"
100,AXA,"Anguilla, Anguilla"
101,ANI,"Aniak, AK, USA"
102,AJN,"Anjouan,Comoros"
103,ESB,"Ankara, Turkey Esenboga"
104,AAE,"Annaba, Algeria Les Salines"
105,NCY,"Annecy, France   AnnecyMeythe"
106,ANB,"Anniston, AL, USA   Municipal"
107,AQG,"Anqing, China   Anqing"
108,AOG,"Anshan, Liaoning Province, China   Anshan"
109,AYT,"Antalya, Turkey Antalya"
110,TNR,"Antananarivo, Madagascar Ivato"
111,ANU,"Antigua,Saint Johns, Antigua And Barbuda   Vc Bird International"
112,ANF,"Antofagasta, Chile   Cerro Moreno"
113,ANR,"Antwerp, Belgium Deurne"
114,ANV,"Anvik, AK, USA"
115,AOJ,"Aomori, Japan"
116,APW,"Apia, Samoa Faleolo"
117,ATW,"Appleton, WI, USA Outagamie County Airport"
118,AQJ,"Aqaba, Jordan Aqaba"
119,AJU,"Aracaju, Sergipe, Brazil"
120,AUX,"Araguaina, Brazil   Araguaina Airport"
121,RAE,"Arar, Saudi Arabia   Arar Airport"
122,AUC,"Arauca, Colombia"
123,AAX,"Araxa, Brazil   Araxa Airport"
124,AMH,"Arba Mintch, Ethiopia   Arba Mintch Airport"
125,ACV,"Arcata, CA, USA Arcata/Eureka Airport"
126,AQP,"Arequipa, Peru Rodriguez Ballon"
127,ARI,"Arica, Chile Chacalluta"
128,ARH,"Arkhangelsk, Russia Arkhangelsk"
129,AXM,"Armenia, Colombia   El Eden Airport"
130,ARM,"Armidale, New South Wales, Australia Armidale"
131,ATC,"Arthurs Town, Bahamas"
132,AUA,"Aruba, Aruba Reina Beatrix"
133,AVK,"Arvaikheer, Ovorhkangai, Mongolia   Arvaikheer Airport"
134,YEK,"Arviat, Canada   Arviat Airport"
135,AJR,"Arvidsjaur, Sweden   Arvidsjaur Airport"
136,AKJ,"Asahikawa, Japan Asahikawa"
137,AVL,"Asheville / Hendersonville, NC, USA Asheville Regional Airport"
138,ASB,"Ashgabat, Turkmenistan   Ashgabad Airport"
139,ASM,"Asmara, Eritrea Asmara Intl/Yohannes Iv"
140,ASO,"Asosa, Ethiopia   Asosa Airport"
141,ASE,"Aspen, CO, USA Pitkin County Airport Sardy Field"
142,ATZ,"Assiut, Egypt   Assiut Airport"
143,TSE,"Astana, Kazakhstan   Astana Airport"
144,ASF,"Astrakhan Airport   Russia"
145,OVD,"Asturias, Spain Asturias"
146,JTY,"Astypalea Island, Greece   Astypalea Airport"
147,ASU,"Asuncion, Paraguay Silvio Pettirossi"
148,ASW,"Aswan, Egypt Daraw"
149,AHN,"Athens, GA, USA"
150,ATH,"Athens, Greece   Venizelos"
151,YIB,"Atikokan, Ontario, Canada"
152,ATL,"Atlanta, GA, USA Hartsfield International"
153,ACY,"Atlantic City /Atlantic Cty, NJ, USA Atlantic City International"
154,AIY,"Atlantic City International, NJ, USA"
155,YAT,"Attawapiskat, Canada   Attawapiskat Airport"
156,AOU,"Attopeu, Laos   Attopeu Airport"
157,MER,"Atwater/Merced, California, USA   Castle Airport"
158,AKL,"Auckland, New Zealand Auckland International Airport"
159,AGB,"Augsburg, Germany Muehlhausen"
160,AGS,"Augusta, GA, USA Bush Field"
161,AUG,"Augusta, ME, USA Maine State"
162,YPJ,"Aupaluk, Canada   Aupaluk Airport"
163,IXU,"Aurangabad, India Chikkalthana"
164,AUS,"Austin, TX, USA   Austin Bergstrom International Airport (ABIA)"","
165,AVV,"Avalon, Australia   Avalon Airport"
166,AVN,"Avignon, France Caumont"
167,AYQ,"Ayers Rock, Northern Territory, Australia Connellan"
168,BCD,"Bacolod, Philippines Bacolod"
169,IXB,"Bagdogra, India Bagdogra"
170,YBG,"Bagotville, Canada   Bagotville Airport"
171,BJR,"Bahar Dar, Ethiopia   Bahar Dar Airport"
172,BHV,"Bahawalpur Airport   Vahawalpur, Pakistan"
173,BHI,"Bahia Blanca, Buenos Aires, Argentina Commandante"
174,BAH,"Bahrain, Bahrain Bahrain International Bahrain"
175,BAY,"Baia Mare, Romania   Baia Mare Airport"
176,YBC,"Baie Comeau, Quebec, Canada"
177,BKM,"Bakalalan, Malaysia   Bakalalan Airport"
178,BFL,"Bakersfield, CA, USA Meadows Field"
179,BAK,"Baku, Azerbaijan   Baku (old code)"","
180,GYD,"Baku, Azerbaijan   Geydar Aliyev Airport"
181,DPS,"Bali (Denpasar), Indonesia Ngurah Rai"
182,BPN,"Balikpapan, Indonesia   Palikpapan Sepinggan Airport"
183,BNK,"Ballina, Australia   Ballina Airport"
184,BBA,"Balmaceda, Chile   Balmaceda Teniente Vidal Airport"
185,BWI,"Baltimore, MD, USA BaltimoreWashington International"
186,ABM,"Bamaga, Queensland, Australia"
187,BKO,"Bamako, Mali Senou"
188,HOE,"Ban Hat Tai, Laos   Ban Huoeisay Airport (Ban Houei Sai/Ban Houay Xay"
189,OUI,"Ban Hat Tai, Laos   Ban Huoeisay Airport (Ban Houei Sai/Ban Houay Xay"
190,BMV,"Ban Me Thuot, Vietnam   Ban Me Thuot Airport"
191,BND,"Bandar Abbas, Iran   Bandar Abbas Airport"
192,BWN,"Bandar Seri Begawan, Brunei Darussalam Brunei International"
193,BDO,"Bandung, Indonesia Husein Sastranegara"
194,YBA,"Banff, Alberta, Canada"
195,BLR,"Bangalore (Bengalooru), India Hindustan"
196,BPX,"Bangda, China   Bangda"
197,BKK,"Bangkok, Thailand Bangkok International Airport"
198,BGR,"Bangor, ME, USA Bangor International Airport"
199,BGF,"Bangui, Central African Republic Bangui"
200,QBL,"Bani Walid, Libya"
201,BNX,"Banja Luka, Bosnia and Herzegovina   Banja Luka Airport"
202,BDJ,"Banjarmasin, Indonesia Syamsudin Noor"
203,BJL,"Banjul, Gambia Yundum International"
204,BAV,"Baotou, China   Baotou"
205,BHB,"Bar Harbor, ME, USA"
206,BGI,"Barbados (Bridgetown, Barbados)   Grantley Adams International"
207,BCI,"Barcaldine, Australia   Barcaldine Airport"
208,BCN,"Barcelona, Spain Barcelona"
209,BLA,"Barcelona, Venezuela Gral Jose Antonio Anzoategui"
210,BDU,"Bardufoss, Norway   Bardufoss Airport"
211,BRI,"Bari, Italy"
212,BNS,"Barinas, Venezuela Barinas"
213,BBN,"Bario,Malaysia   Bario Airport"
214,BAX,"Barnaul, Russia Barnaul Airport"
215,BRM,"Barquisimeto, Venezuela Barquisimeto"
216,BRR,"Barra / Hebrides Islands, Scotland, United Kingdom North Bay"
217,EJA,"Barrancabermeja, Colombia Variguies"
218,BAQ,"Barranquilla, Colombia E Cortissoz"
219,BRW,"Barrow, Alaska, USA Barrow"
220,BTI,"Barter Island, Alaska, USA   Barter Island Airport [LRRS]"","
221,UUN,"Baruun Urt, Sukhbaatar, Mongolia   Baruun Urt Airport"
222,BSL,"Basel, Switzerland   Basel Euro Airport"
223,BIA,"Bastia, Corsica, France Poretta"
224,BTH,"Batam, Indonesia   Hang Nadim Airport"
225,ZBF,"Bathurst, New Brunswick, Canada   Bathurst Airport"
226,BHS,"Bathurst, New South Wales, Australia Raglan"
227,BRT,"Bathurst Island, Northern Territory, Australia"
228,BAL,"Batman, Turkey Nearest Air Service Through Diyarbakir"
229,BTR,"Baton Rouge, LA, USA"
230,BAU,"Bauru, Brazil  Bauru Airport"
231,MBS,"Bay City / Midland / Saginaw, MI, USA TriCity Airport"
232,BYN,"Bayankhongor, Bayankhongor, Mongolia   Bayankhongor Airport"
233,BYU,"Bayreuth, Germany Bindlacher Berg"
234,BPT,"Beaumont, TX, USA Jefferson County"
235,BVA,"Beauvais Tillé Airport, France"
236,BKW,"Beckley, WV, USA"
237,BED,"Bedford, MA, USA Bedford"
238,YBW,"Bedwell Harbor, canada   Bedwell Harbor Airport"
239,EIS,"Beef Island, British Virgin Islands, Tortola/Beef Island   Beef Island Airport"
240,BEI,"Beica, Ethiopia Beica"
241,BHY,"Beihai, China   Beihai"
242,NAY,"Beijing, China   Beijing International"
243,PEK,"Beijing, China Peking Capital Airport"
244,LAQ,"Beida, Libya"
245,BEW,"Beira, Mozambique Beira"
246,BEY,"Beirut, Lebanon International"
247,BLG,"Belaga, Malaysia Airport"
248,BEL,"Belem, Para, Brazil Val De Cans"
249,BHD,"Belfast, Northern Ireland, United Kingdom Belfast Harbor"
250,BFS,"Belfast, Northern Ireland, United Kingdom Belfast International"
251,IXG,"Belgaum, India Sambre"
252,EGO,"Belgorod, Russia   Belgorod Airport"
253,BEG,"Belgrade, Yugoslavia BelgradeBeograd"
254,BZE,"Belize City, Belize Belize International"
255,TZA,"Belize City, Belize Belize Municipal"
256,XVV,"Belleville, Ontario, Canada Belleville / Via Rail Service"
257,BLI,"Bellingham, WA, USA Bellingham International"
258,CNF,"Belo Horizonte /Belo Horizon, Minas Gerais, Brazil Aeropuerto Internacional Tancredo Neves"
259,PLU,"Belo Horizonte /Belo Horizon, Minas Gerais, Brazil Confins/Pampulha"
260,BJI,"Bemidji, MN, USA Bemidji Municipal Airport"
261,BEB,"Benbecula, United Kingdom   Benbecula Airport"
262,RDM,"Bend, OR, USA   Roberts Field, Redmond, OR"
263,BLR,"Bengalooru (Bangalore), India Hindustanv"
264,BEN,"Benghazi, Libya   Benina International Airport"
265,BEH,"Benton Harbor, MI, USA Ross Field"
266,BGO,"Bergen, Norway Flesland"
267,EGC,"Bergerac, France   Aeroport de Bergerac Perigord Dordogne"
268,BVG,"Berlevag, Norway   Berlevag Airport"
269,BER,"Berlin, Germany Schoenefeld"
270,SXF,"Berlin, Germany Schoenefeld"
271,TXL,"Berlin, Germany Tegel"
272,THF,"Berlin, Germany Tempelhof"
273,BDA,"Bermuda/Hamilton, Bermuda Kindley Airfield/Civil Air Terminal"
274,BRN,"Berne, Switzerland Belp"
275,ZDJ,"Berne, Switzerland BerneRr Station"
276,BET,"Bethel, AK, USA Bethel"
277,BZR,"Beziers, France BeziersVias"
278,BWA,"Bhairawa, Nepal Bhairawa"
279,BHU,"Bhavnagar, India   Bhavnagar Airport"
280,BHO,"Bhopal, India   Bhopal Airport"
281,BBI,"Bhubaneswar, India Bhubaneswar"
282,BIK,"Biak, Indonesia Mokmer"
283,BIQ,"Biarritz, France Parme"
284,BGK,"Big Creek, Belize Big Creek"
285,BIO,"Bilbao, Spain Sondica"
286,BIL,"Billings, MT, USA Billings Logan Intnl Airport"
287,BLL,"Billund, Denmark Billund"
288,BIM,"Bimini, Bahamas Bimini Island International"
289,NSB,"Bimini, Bahamas North Seaplane Base"
290,BGM,"Binghamton/Endicott/Johnson City, NY, USA Edwin Alink Field"
291,BTU,"Bintulu, Sarawak, Malaysia Bintulu"
292,BVI,"Birdsville, Queensland, Australia Birdsville"
293,BHM,"Birmingham, AL, USA Seibels/Bryan Airport"
294,BHX,"Birmingham, England, United Kingdom International"
295,BHH,"Bisha, Saudi Arabia   Bisha Airport"
296,FRU,"Bishkek, Kyrgyzstan Bishkek Airport"
297,BSK,"Biskra, Algeria Biskra"
298,BIS,"Bismarck, ND, USA Bismarck Mannan Municipal"
299,OXB,"Bissau, GuineaBissau Osvaldo Vieira"
300,BKQ,"Blackall, Australia   Blackall Airport"
301,BLK,"Blackpool, England, United Kingdom Blackpool"
302,BLT,"Blackwater, Australia   Blackwater Airport"
303,YBX,"Blanc Sablon, Quebec, Canada Blanc Sablon Airport"
304,BLZ,"Blantyre, Malawi Chileka"
305,BHE,"Blenheim, New Zealand   Woodbourne Airport"
306,BFN,"Bloemfontein, South Africa Jbm Hertzog"
307,BMI,"Bloomington, IL, USA Normal"
308,BMG,"Bloomington, IN, USA Monroe County Airport"
309,BLF,"Bluefield, WV, USA   Mercer Country Airport"
310,BYH,"Blytheville, Arkansas, USA   Arkansas International Airport"
311,BVB,"Boa Vista, Roraima, Brazil"
312,BOO,"Bodo, Norway Bodo"
313,BXN,"Bodrum, Turkey Imsik Airport"
314,BFI,"Boeing Field/Seattle Kings County International, Seattle WA, USA"
315,BOG,"Bogota, Colombia Eldorado"
316,BOI,"Boise, ID, USA Boise Municipal Arpt (Gowen Field)"","
317,BLQ,"Bologna, Italy Guglielmo Marconi"
318,BZO,"Bolzano, Italy   Bolzano Airport"
319,BOM,"Bombay, India   Mumbai"
320,BON,"Bonaire, Netherlands Antilles Flamingo Field"
321,YVB,"Bonaventure, Quebec, Canada"
322,BNJ,"Bonn, Germany Train Main Railroad Station"
323,BOB,"Bora Bora, French Polynesia   Motu Mute Airport"
324,BOD,"Bordeaux, France Merignac"
325,HBE,"Borg El Arab/Alexandria, Egypt Borg El Arab Airport"
326,BLE,"Borlange,Sweden   Dala Airport"
327,RNN,"Bornholm, Denmark Arnager"
328,BOS,"Boston, MA, USA Logan International Airport"
329,WBU,"Boulder, CO, USA"
330,BOJ,"Bourgas, Bulgaria   Bourgas Airport"
331,BZN,"Bozeman, MT, USA Gallatin Field"
332,BFD,"Bradford, PA, USA Bradford Regional"
333,BRD,"Brainerd, MN, USA"
334,XPN,"Brampton, Ontario, Canada Brampton / Via Rail Service"
335,BMP,"Brampton Island, Australia   Brampton Island Airport"
336,YBR,"Brandon, Manitoba, Canada"
337,XFV,"Brantford, Ontario, Canada Brantford / Via Rail Service"
338,BSB,"Brasilia, Distrito Federal, Brazil International"
339,BTS,"Bratislava, Slovakia Ivanka"
340,BZV,"Brazzaville, COngo   Maya Maya Airport"
341,QKB,"Breckenridge, CO, USA"
342,BRE,"Bremen, Germany Bremen"
343,PWT,"Bremerton, WA, USA Municipal"
344,VBS,"Brescia, Italy   Brescia Airport"
345,BES,"Brest, France Guipavas"
346,BDR,"Bridgeport, CT, USA Sikorsky Memorial"
347,BGI,"Bridgetown, Barbados Grantley Adams International"
348,BDS,"Brindisi, Italy   Brindisi Airport"
349,BNE,"Brisbane, Queensland, Australia Brisbane International Airport"
350,BRS,"Bristol, England, United Kingdom Bristol"
351,TRI,"Bristol/Johnson City/Kingsport, TN, USA Municipal TriCity Airport"
352,BVE,"BriveLaGaillarde, France Laroche"
353,BRQ,"Brno, Czech Republic Turany"
354,XBR,"Brockville, Ontario, Canada"
355,BHQ,"Broken Hill, New South Wales, Australia Broken Hill"
356,BNN,"Bronnoysund, Norway Bronnoy"
357,BKX,"Brookings, SD, USA Brookings Municipal Airport"
358,BME,"Broome, Australia   Broome Airport"
359,YVM,"Broughton Island, Canada   Broughton Island Airport"
360,BRO,"Brownsville, TX, USA South Padre Island Intl"
361,BWD,"Brownwood, Texas, USA   Brownwood Airport"
362,OST,"Bruges, Belgium   Ostend/Bruges International Airport"
363,BWN,"Brunei/Bandar Seri Begawan, Brunei Darussalam   Brunei International"
364,BQK,"Brunswick, GA, USA Glynco Jetport"
365,BRU,"Brussels, Belgium National"
366,CRL,"Brussels South Charleroi Airport   Gosselies, Belgium"
367,BGA,"Bucaramanga, Colombia Palo Negro"
368,BBU,"Bucharest, Romania Baneasa"
369,OTP,"Bucharest, Romania Otopeni"
370,BUD,"Budapest, Hungary Ferihegy"
371,EZE,"Buenos Aires, Buenos Aires, Argentina   Ezeiza Ministro Pistarini International Airport"
372,AEP,"Buenos Aires, Buenos Aires, Argentina   Jorge Newberry"
373,BUF,"Buffalo, NY, USA   Buffalo Niagara International Airport (formerly Greater Buffalo Intl Airport)"","
374,BJM,"Bujumbura, Burundi   Bujumbura Airport"
375,BHK,"Bukhara, Uzbekistan"
376,BUQ,"Bulawayo, Zimbabwe Bulawayo"
377,UGA,"Bulgan, Bulgan, Mongolia   Bulgan Airport"
378,IFP,"Bullhead City, AZ, USA Bullhead"
379,BDB,"Bundaberg, Australia   Bundaberg Airport"
380,BUX,"Bunia, Democratic Republic of the Congo (Zaire)   Bunia Airport"
381,BUR,"Burbank, CA, USA Burbank Glendale Pasadena Airport"
382,BRL,"Burlington, IA, USA Burlington Municipal Airport"
383,BTV,"Burlington, VT, USA Burlington International Airport"
384,BWT,"Burnie, Australia   Burnie Airport"
385,YPZ,"Burns Lake, British Columbia, Canada"
386,BUZ,"Bushehr, Iran Bushehr"
387,BTM,"Butte, MT, USA"
388,YKZ,"Buttonville, Canada   Buttonville Municipal Airport"
389,BXU,"Butuan, Philippines Butuan"
390,BZG,"Bydgoszcz, Poland"
391,CFR,"Caen, France Carpiquet"
392,CGY,"Cagayan De Oro, Philippines   Lumbia Airport"
393,CAG,"Cagliari, Sardinia, Italy Elmas"
394,PLS,"Caicos, Turks And Caicos Islands   Providenciales"
395,CNS,"Cairns, Queensland, Australia   Cairns International Airport"
396,CAI,"Cairo, Egypt International"
397,CJA,"Cajamarca, Peru   Cjamarca Airport"
398,CJC,"Calama, Chile   El Loa Airport"
399,CCU,"Calcutta (Kolkata), India   Calcutta International Airport"
400,CDW,"Caldwell, New Jersey, USA   Caldwell Airport"
401,YYC,"Calgary, Alberta, Canada Calgary Intl Airport"
402,CLO,"Cali, Colombia Alfonso Bonilla Aragon"
403,CCJ,"Calicut, India"
404,CLY,"Calvi, Corsica, France Ste Catherine"
405,XAZ,"Cambellton, New Brunswick, Canada Campbellton"
406,CBG,"Cambridge, England, United Kingdom Cambridge"
407,YCB,"Cambridge Bay, Canada   Cambridge Bay Airport"
408,CDH,"Camden, AR, USA"
409,YBL,"Campbell River /Campbell Rvr, British Columbia, Canada Metropolitan Area"
410,YHH,"Campbell River Harbor, Canada   Campbell River Harbor"
411,CAL,"Campbeltown, United Kindgom   Campbeltown Airport"
412,CPE,"Campeche, Mexico   Campeche Airport"
413,CPV,"Campina Grande, Brazil   Campita Grande Airport"
414,CPQ,"Campinas, Sao Paulo, Brazil Campinas International"
415,CGR,"Campo Grande, Mato Grosso Do Sul, Brazil"
416,CAJ,"Canaima, Venezuela"
417,LPA,"Canary Islands, Gran Canaria, Canary Islands, Spain   Aeropuerto De Gran Canaria"
418,CBR,"Canberra, Australian Capital Territory, Australia Canberra"
419,CUN,"Cancun, Mexico"
420,JCA,"Cannes, France Mandelieu"
421,YTE,"Cape Dorset, Canada   Cape Dorset Airport"
422,CIW,"Canouan Island, St Vincent and the Grenadines   Canouan Island Airport"
423,CNY,"Canyonlands, UT, USA   Canyonlands Moab Airport"
424,CGI,"Cape Girardeau, MO, USA Municipal Airport"
425,EHM,"Cape Newenham, Alaska, USA   Cape Newenham Airport"
426,CPT,"Cape Town, South Africa D F Malan"
427,XAW,"Capreol, Ontario, Canada Capreol / Via Rail Service"
428,PRJ,"Capri,Italy   Capri Airport"
429,CCS,"Caracas, Venezuela Simon Bolivar International"
430,CKS,"Carajas, Para, Brazil International / Brasilia Brazil"
431,MDH,"Carbondale, IL, USA Southern Illinois Airport"
432,CCF,"Carcassonne, France Salvaza Airport"
433,CWL,"Cardiff, Wales, United Kingdom CardiffWales"
434,CLD,"Carlsbad, CA, USA Carlsbad/Palomar Airport"
435,CNM,"Carlsbad, NM, USA"
436,CRU,"Carriacou Island, Grenada"
437,CTG,"Cartagena, Colombia Rafael Nunez"
438,CUP,"Carupano, Venezuela Carupano"
439,LRM,"Casa De Campo, Dominican Republic"
440,CAS,"Casablanca, Morocco Anfa"
441,CMN,"Casablanca, Morocco Mohamed V"
442,CAC,"Cascavel, Brazil, Cascavel Airport"
443,CPR,"Casper, WY, USA Natrona County Intl Airport"
444,XZB,"Casselman, Ontario, Canada Casselman / Via Rail Service"
445,YCG,"Castlegar, British Columbia, Canada"
446,CTA,"Catania, Sicily, Italy Fontanarossa"
447,SDQ,"Causedo/Santo Domingo, Dominican Republic   Las Americas International Airport"
448,CXJ,"Caxias Do Sul, Brazil   Caxias Do Sul Airport"
449,CAY,"Cayenne, French Guiana Rochambeau"
450,CYB,"Cayman Brac Island, Cayman Islands"
451,GCM,"Cayman Islands, Grand Cayman Island   Owen Roberts Intl Airport"
452,CEB,"Cebu, Philippines International"
453,CDC,"Cedar City, UT, USA"
454,CID,"Cedar Rapids, IA, USA Municipal"
455,CDR,"Chadron, NE, USA"
456,CED,"Ceduna, Australia   Ceduna Airport"
457,SFB,"Cantral Florida, Orlando, FL, USA   Sanford Central Florida Regional Airport"
458,CDR,"Chadron, NE, USA   Chadron Airport"
459,CMF,"Chambery, France Chambery AixLesBains"
460,XCI,"Chambord, Quebec, Canada Chambord / Via Rail Service"
461,CMI,"Champaign, IL, USA Univ Of IllinoisWillard Airport"
462,IXC,"Chandigarh, India Chandigarh"
463,XDL,"Chandler, Quebec, Canada Chandler / Via Rail Service"
464,CGQ,"Changchun, China"
465,CGD,"Changde, China   Changde"
466,CSX,"Changsha, China"
467,CIH,"Changzhi, China"
468,CZX,"Changzhu, China"
469,CHQ,"Chania, Crete Island, Greece Souda"
470,LEC,"Chapada Diamantina, Brazil   Chapada Diamantina Airport"
471,XAP,"Chapeco, Brazil   Chapeco Airport"
472,CPC,"Chapelco   San Martin De Los Andes, Neuquen, Argentina   Chapelco Airport"
473,YLD,"Chapleau, Ontario, Canada"
474,CRL,"Charleroi   Gosselies, Belgium   Brussels South Charleroi Airport"
475,CHS,"Charleston, SC, USA Charleston International Airport"
476,CRW,"Charleston, WV, USA Yeager Airport"
477,CTL,"Charleville, Queensland, Australia Charleville"
478,CLT,"Charlotte, NC, USA Charlotte/Douglas Intl Airport"
479,STT,"Charlotte, St Thomas Island, VI, USA   Cyril E King Arpt"
480,CHO,"Charlottesville, VA, USA Charlottesville/Albemarle"
481,YYG,"Charlottetown, Prince Edward Island/, Canada Charlottetown"
482,XCM,"Chatham, Ontario, Canada"
483,CHA,"Chattanooga, TN, USA Cha Lovell Field"
484,CYF,"Chefornak, Alaska, USA   Chefornak Airport"
485,CJU,"Cheju, South Korea Cheju"
486,CEK,"Chelyabinsk, Russia   Chelyabinsk Airport"
487,XHS,"Chemainus, British Columbia, Canada Chemainus / Via Rail Service"
488,CTU,"Chengdu, China"
489,MAA,"Chennai (Madras), India  Chenai Meenambarkkam Airport"
490,CJJ,"Cheong Ju City, Republic of Korea   Cheong Ju City Airport"
491,CER,"Cherbourg, France Maupertus"
492,CTM,"Chetumal, Mexico   Chetumal Airport"
493,VAK,"Chevak, ALaska   Chevak Airport"
494,YHR,"Chevery, Canada   Chevery Airport"
495,CYS,"Cheyenne, WY, USA Cheyenne Municipal Airport"
496,CNX,"Chiang Mai, Thailand International"
497,CEI,"Chiang Rai, Thailand Chiang Rai"
498,CYI,"Chiayi, Taiwan   Chiayi Airport"
499,YMT,"Chibougamau, Quebec, Canada Chibougamau"
500,CGX,"Chicago, IL, USA   Merrill C. Meigs Field"
501,CHI,"Chicago, IL, USA   Chicago FSS"
502,DPA,"Chicago, IL, USA   Dupage County"
503,GYY,"Chicago   Gary, IN, USA   Gary Regional"
504,MDW,"Chicago, IL, USA   Midway"
505,NOH,"Chicago, IL, USA   Chicago NAS"
506,ORD,"Chicago, IL, USA   O'hare International Airport"
507,PWK,"Chicago, IL, USA Pal Waukee Airport"
508,RFD,"Chicago/Rockford, IL, USA   Chicago Rockford International Airport"
509,CIX,"Chiclayo, Peru Cornel Ruiz"
510,CIC,"Chico, CA, USA Chico Municipal Air Terminal"
511,KIF,"Chifeng, China"
512,KCG,"Chignik, AK, USA Fisheries"
513,KCL,"Chignik, AK, USA Lagoon"
514,KCQ,"Chignik Lake, ALaska, USA   Chignik Lake Airport"
515,CUU,"Chihuahua, Chihuahua, Mexico Genvillalobos"
516,YAI,"Chillan, Chile   Chillan Airport"
517,HIN,"Chinju, Republic of Korea   Chinju Airport"
518,JKH,"Chios, Greece   Chios Airport"
519,YKU,"Chisasibi, Canada   Chisasibi Airport"
520,KIV,"Chisinau (Kishinev), Moldova   Chisinau (Kishinev)"","
521,CJL,"Chitral, Pakistan   Chitral Airport"
522,CGP,"Chittagong, Bangladesh Patenga"
523,COQ,"Choibalsan, Dornod, Mongolia   Choibalsan Airport"
524,CKG,"Chongqing, China"
525,CHC,"Christchurch, New Zealand International"
526,STX,"Christiansted, St Croix Island, VI, USA   ALexander Hamilton Airport"
527,CXI,"Christmas Island, Australia   Cassidy Airport"
528,YYQ,"Churchill, Manitoba, Canada Churchill Airport"
529,CIA,"Ciampino, Rome, Italy   Ciampino Airport"
530,CVG,"Cincinnati, OH, USA Greater Cincinnati Intl Airport"
531,LUK,"Cincinnati, Ohio, USA   Lunken Field Airport"
532,CBL,"Ciudad Bolivar, Venezuela"
533,CME,"Ciudad Del Carmen, Campeche, Mexico"
534,CJS,"Ciudad Juarez, Chihuahua, Mexico International Abraham Gonzalez"
535,CEN,"Ciudad Obregon, Sonora, Mexico"
536,CVM,"Ciudad Victoria, Mexico   Ciudad Victoria Airport"
537,CKB,"Clarksburg, WV, USA ClarksburgBenedum Airport"
538,CFE,"Clermont Ferrand, France   Aulnat"
539,CLE,"Cleveland, OH, USA Hopkins International Airport"
540,BKL,"Cleveland Lakefront, OH, USA"
541,CNJ,"Cloncurry, Australia   Cloncurry Airport"
542,CVN,"Clovis, NM, USA"
543,CLJ,"Cluj, Romania Cluj"
544,YCY,"Clyde River, Canada   Clyde River Airport"
545,XGJ,"Cobourg, Ontario, Canada Cobourg / Via Rail Service"
546,CBB,"Cochabamba, Bolivia   Jorge Wilstermann International Airport (formerly San Jose De La Banda)"","
547,COK,"Cochin, India Naval Air Station"
548,COD,"Cody, Wyoming, USA   Yellowstone Regional Airport"
549,CFA,"Coffee Point, Alaska, USA   Coffee Point Airport"
550,CFS,"Coffs Harbour, Australia   Coffs Harbour Airport"
551,CJB,"Coimbatore, India Peelamedu"
552,CDB,"Cold Bay, Alaska, USA   Cold Bay Airport"
553,CLQ,"Colima, Colima, Mexico"
554,CLL,"College Station, TX, USA"
555,QKL,"Cologne, Germany Train Main Railroad Station"
556,CGN,"Cologne/Bonn, Germany Koeln/Bonn"
557,CMB,"Colombo, Sri Lanka Katunayake International"
558,CYR,"Colonia, Uruguay"
559,COS,"Colorado Springs, CO, USA Colorado Springs Municipal"
560,COU,"Columbia, MO, USA Columbia Regional"
561,CAE,"Columbia, SC, USA Columbia Sc Airport Metropolitan"
562,CSG,"Columbus, GA, USA Columbus Metropolitan / Fort Benning"
563,GTR,"Columbus, MS, USA Golden"
564,CMH,"Columbus, OH, USA Port Columbus Intl Airport"
565,CJT,"Comitan, Mexico   Comitan Airport"
566,CRD,"Comodoro Rivadavia, Chubut, Argentina Comodoro Rivadavia"
567,YQQ,"Comox, British Columbia, Canada Comox Civil Air Terminal"
568,CKY,"Conakry, Guinea Conakry"
569,CCP,"Concepcion, Chile Carriel Sur"
570,NOC,"Connaught, Ireland Rep Of Ireland"
571,CND,"Constanta, Romania Kogalniceanu"
572,CZL,"Constantine, Algeria   Ain El Bey Airport"
573,CPD,"Coober Pedy, Australia   Coober Pedy Airport"
574,OOM,"Cooma, New South Wales, Australia"
575,CPH,"Copenhagen, Denmark Copenhagen"
576,CPO,"Copiapo, Chile   Chamonate Airport"
577,YCO,"Coppermine, Northwest Territories, Canada"
578,COR,"Cordoba, Cordoba, Argentina   Pajas Blancas"
579,CDV,"Cordova, AK, USA"
580,CFU,"Corfu (Kerkyra), Greece   Kerkyra"
581,ORK,"Cork, Ireland Cork"
582,YCC,"Cornwall, Ontario, Canada Regional"
583,CZE,"Coro, Venezuela   Coro Airport"
584,CRP,"Corpus Christi, TX, USA Corpus Christi International Airport"
585,CNQ,"Corrientes, Argentina   Corrientes Airport"
586,CEZ,"Cortez, CO, USA Montezuma County"
587,CMG,"Corumba, Mato Grosso Do Sul, Brazil Corumba"
588,OLB,"Costa Smeralda   Olbia, Italy"
589,CBO,"Cotabato, Philippines   Cotabato Airport"
590,XGK,"Coteau, Quebec, Canada Coteau / Via Rail Service"
591,COO,"Cotonou, Benin Cotonou"
592,YCA,"Courtenay, British Columbia, Canada"
593,CWT,"Cowra, New South Wales, Australia Cowra"
594,GXQ,"Coyhaique, Chile Teniente Vidal"
595,CZM,"Cozumel, Quintana Roo, Mexico Aeropuerto Intl De Cozumel"
596,CGA,"Craig, AK, USA"
597,YXC,"Cranbrook, British Columbia, Canada   Cranbrook Kimberley Airport"
598,CEC,"Crescent City, CA, USA Crescent City Municipal Airport"
599,CRI,"Crooked Island, Bahamas"
600,CRV,"Crotone, Italy   Crotone Airport"
601,CZS,"Cruzeiro Do Sul, Brazil   Cruzeiro Do Sul Campo International Airport"
602,CUC,"Cucuta, Colombia Camilo Daza"
603,CUE,"Cuenca, Ecuador Mariscal La Mar"
604,CVJ,"Cuernavaca, Mexico   Cuernavaca Airport"
605,CGB,"Cuiaba, Mato Grosso, Brazil   Cuiaba   Marechal Rondon Airport"
606,AGT,"Cuidad Del Este, Paraguay   Cuidad Del Este Airport"
607,CPX,"Culebra, Puerto Rico   Culebra Airport"
608,CUL,"Culiacan, Sinaloa, Mexico"
609,CUM,"Cumana, Venezuela"
610,CBE,"Cumberland, MD, USA Municipal"
611,CWB,"Curitiba, Parana, Brazil Afonso Pena"
612,CUZ,"Cuzco, Peru Tte Velazco Astete"
613,DAD,"Da Nang, Vietnam Da Nang"
614,DKR,"Dakar, Senegal Yoff"
615,VIL,"Dakhla, Morocco   Dakla Airport"
616,DLM,"Dalaman, Turkey Dalaman"
617,DLZ,"Dalanzadgad, Omnogovi, Mongolia   Dalanzadgad Airport"
618,DLI,"Dalat, Vietnam   Dalat Airport"
619,DLU,"Dali City, China   Dali City"
620,DLC,"Dalian, China"
621,DAL,"Dallas, TX, USA Love Field"
622,DFW,"Dallas/Ft Worth, TX, USA Dallas Ft Worth International"
623,DAM,"Damascus, Syria Damascus Intl"
624,DMM,"Damman, Saudi Arabia   King Fahad Airport Airport"
625,DDG,"Dandong, China   Dandong"
626,DGA,"Dangriga, Belize Dangriga"
627,DNV,"Danville, IL, USA Vermilion County Airport"
628,DAN,"Danville, VA, USA"
629,DAR,"Dar Es Salaam, Tanzania International"
630,DRW,"Darwin, Northern Territory, Australia"
631,YDN,"Dauphin, Manitoba, Canada"
632,DVO,"Davao, Philippines Mati"
633,YDI,"Davis Inlet, Canada   Davis Inlet Airport"
634,DWD,"Dawadmi, Saudi Arabia   Dawadmi Airport"
635,YDQ,"Dawson Creek, British Columbia, Canada"
636,DYG,"Dayong, China   Dayong"
637,DAY,"Dayton, OH, USA James M Cox Dayton International"
638,DAB,"Daytona Beach, FL, USA Daytona Beach International Airport"
639,LGI,"Deadmans Cay / Long Island, Bahamas Deadmans Cay"
640,DOL,"Deauville, France Saint Gatien"
641,DBM,"Debre Marcos, Ethiopia   Debre Marcos Airport"
642,DEB,"Debrechen, Hungary   Debrechen Airport"
643,DEC,"Decatur, IL, USA Decatur Municiple Airport"
644,YDF,"Deer Lake, Newfoundland, Canada Deer Lake"
645,YVZ,"Deer Lake, Ontario, Canada"
646,DRT,"Del Rio, TX, USA"
647,DEL,"Delhi, India   Indira Gandhi International Airport"
648,DEM,"Dembidollo, Ethiopia Dembidollo"
649,DNM,"Denham, Western Australia, Australia"
650,DNZ,"Denizli, Turkey   Denizli Airport"
651,DPS,"Denpasar Bali, Indonesia Ngurah Rai"
652,DEN,"Denver, CO, USA Denver International"
653,DEA,"Dera Ghazi Khan, Pakistan   Dera Ghazi Khan Airport"
654,DSK,"Dera Ismail Khan, Pakistan   Dera Ismail Khan Airport"
655,DNF,"Derna, Libya"
656,DSM,"Des Moines, IA, USA"
657,YDS,"Desolation Sound, Canada   Desolation Sound Airport"
658,DSE,"Dessie, Ethiopia   Dessie Airport"
659,DSI,"Destin, FL, USA"
660,DTW,"Detroit, MI, USA Detroit Wayne County Metropolitan Airport"
661,DET,"Detroit City, MI, USA"
662,YIP,"Detroit, MI, USA   Willow Run Airport, Ypsilanti"
663,DVL,"Devils Lake, North Dakota, USA   Devils Lake Airport"
664,DPO,"Devonport, Tasmania, Australia Devonport"
665,DHA,"Dhahran, Saudi Arabia Dhahran Intl"
666,DAC,"Dhaka, Bangladesh Zia International Airport"
667,DHM,"Dharamsala/Kangra, Himachal Pradesh, India   Kangra Gaggal Dharamsala Airport"
668,DIB,"Dibrugarh, India Chabua"
669,DIJ,"Dijon, France Longvic"
670,DIK,"Dickinson, North Dakota, USA   Dickinson Airport"
671,DIN,"Dien Bien Phu, Vietnam   Dien Bien Phy Airport"
672,DIL,"Dili, East Timor   Timor Leste"
673,DLG,"Dillingham, Alaska, USA   Dillingham Airport"
674,DPL,"Dipolog, Philippines Dipolog"
675,DIG,"Diqing, China   Diqing"
676,DIR,"Dire Dawa, Ethiopia   Dire Dawa Airport"
677,DIU,"Diu, India   Diu Airort"
678,DIY,"Diyarbakir, Turkey Diyarbakia"
679,DJE,"Djerba, Tunisia   Melita Airport"
680,JIB,"Djibouti, Djibouti Ambouli"
681,DNK,"Dnepropetrovsk, Ukraine   Dnepropetrovsk Airport"
682,DDC,"Dodge City, KS, USA Dodge City Municipal"
683,DOH,"Doha, Qatar Doha"
684,DCF,"Dominica, Dominica Cane Field"
685,DOM,"Dominica, Dominica Melville HalDom"
686,DSA,"Doncaster, Sheffield, UK   Robin Hood Airport"
687,DOK,"Donetsk, Ukraine Donetsk"
688,DTM,"Dortmund, Germany Wickede"
689,DHN,"Dothan, AL, USA Municipal"
690,DLA,"Douala, Cameroon Douala"
691,DRS,"Dresden, Germany Dresden"
692,XDM,"Drummondville, Quebec, Canada"
693,YHD,"Dryden, Ontario, Canada Dryden Airport"
694,DUJ,"Du Bois, PA, USA Jefferson County"
695,DXB,"Dubai, United Arab Emirates Dubai International Airport"
696,DBO,"Dubbo, New South Wales, Australia Dubbo"
697,DUB,"Dublin, Ireland Dublin"
698,DBV,"Dubrovnik, Croatia Hrvatska"
699,DBQ,"Dubuque, IA, USA Dubuque Municipal Airport"
700,QDU,"Duesseldorf, Germany Main Train Station"
701,DLH,"Duluth, MN, USA Duluth International Airport"
702,DGT,"Dumaguete, Philippines   Dumaguete Airport"
703,DUQ,"Duncan / Quam, British Columbia, Canada Quamichan Lake"
704,DND,"Dundee, Scotland, United Kingdom Dundee"
705,DUD,"Dunedin, New Zealand Momona"
706,DNH,"Dunhuang, China   Dunhuang"
707,DRO,"Durango, CO, USA Durango La Plata County Airport"
708,DGO,"Durango, Durango, Mexico Gen Guadalupe Victoria"
709,DUR,"Durban / La Mercy, South Africa   King Shaka International Airport (La Mercy Airport, Replaced Louis Botha airport)"","
710,DUS,"Dusseldorf, Germany Dusseldorf"
711,DUT,"Dutch Harbor, AK, USA Dutch Harbor"
712,ELS,"East London, South Africa Ben Shoeman"
713,EMA,"East Midlands, England, United Kingdom East Midlands"
714,IPC,"Easter Island, Chile Mataveri"
715,ESD,"Eastsound, WA, USA Eastsound/Orcas Island Airport"
716,EAU,"Eau Claire, WI, USA Eau Claire Municipal"
717,ECH,"Echuca, Australia"
718,EDI,"Edinburgh, Scotland, United Kingdom Turnhouse"
719,YEG,"Edmonton, Alberta, Canada Edmonton International"
720,YXD,"Edmonton, Alberta, Canada Edmonton Municipal"
721,EDR,"Edward River, Queensland, Australia Edward River"
722,EIN,"Eindhoven, Netherlands Welschap"
723,SVX,"Ekaterinburg, Russia   Sheremtyevo Airport"
724,BCQ,"El Beida / La Braq,Libya"
725,FTE,"El Calafate, Argentina   El Calafate Airport"
726,AZS,"El Catey, Dominican Republic   Samana El Catey International Airport"
727,ELD,"El Dorado, AR, USA"
728,ELP,"El Paso, TX, USA El Paso International Airport"
729,ESR,"El Salvador, Chile"
730,ETH,"Elat, Israel Elat"
731,EBA,"Elba Island, Italy Marina Di Campo"
732,QEJ,"Elgarhbolli, Libya"
733,EKO,"Elko, NV, USA J C Harris Field"
734,YEL,"Elliot Lake, Ontario, Canada"
735,QEC,"Elmarj City, Libya"
736,ELM,"Elmira / Corning, NY, USA Elmira Corning Regional Arpt"
737,ELY,"Ely, NV, USA Yelland Field"
738,EMD,"Emerald, Queensland, Australia Emerald"
739,WDG,"Enid, OK, USA Woodring Municipal"
740,ENS,"Enschede, Netherlands Twente"
741,EBB,"Entebbe/Kampala, Uganda Entebbe"
742,ERF,"Erfurt, Germany Erfurt"
743,ERI,"Erie, PA, USA Erie International"
744,ERZ,"Erzurum, Turkey Erzurum"
745,EBJ,"Esbjerg, Denmark Esbjerg"
746,ESC,"Escanaba, MI, USA Delta County Airport"
747,EQS,"Esquel, Argentina   Esquel Airport"
748,EPR,"Esperance, Western Australia, Australia Esperance"
749,YPF,"Esquimalt, British Columbia, Canada"
750,EUG,"Eugene, OR, USA Eugene Airport"
751,EVV,"Evansville, IN, USA Evansville Regional Airport"
752,EVE,"Evenes, Norway Evenes"
753,EXT,"Exeter, England, United Kingdom Exeter"
754,FAI,"Fairbanks, AK, USA Fairbanks International Airport"
755,FRM,"Fairmont, MN, USA Fairmont Municipal"
756,LYP,"Faisalabad, Pakistan Lyallpur"
757,FAR,"Fargo, ND, USA Hector Airport"
758,FRG,"Farmingdale, Long Island, NY, USA   Republic Airport"
759,FMN,"Farmington, NM, USA Four Corners Regional Airport"
760,FAO,"Faro, Portugal Faro"
761,FAE,"Faroe Islands, Faroe Islands Faeroe Islands"
762,FYV,"Fayetteville, AR, USA Municipal"
763,XNA,"Fayetteville, AR, USA   Northwest Arkansas Regional"
764,FAY,"Fayetteville, NC, USA Fayetteville Municipal"
765,FFM,"Fergus Falls, MN, USA Fergus Falls Municipal Airport"
766,FEN,"Fernando De Noronha, Brazil   Fernando De Noronha Airport"
767,FEZ,"Fez, Morocco Fez"
768,FLG,"Flagstaff, AZ, USA Flagstaff"
769,YFO,"Flin Flon, Canada   Flin Flon Airport"
770,FNT,"Flint, MI, USA Bishop Int'l Airport"
771,FLR,"Florence, Italy"
772,FLO,"Florence, SC, USA Gilbert Field"
773,FRS,"Flores, Guatemala Flores"
774,FLN,"Florianopolis, Santa Catarina, Brazil Florianopolis Hercilio Luz Airport"
775,FRO,"Floro, Norway Floro"
776,FDE,"Forde, Norway Forde"
777,FMA,"Formosa, Formosa, Argentina Formosa"
778,YFA,"Fort Albany, Canada   Fort Albany Airport"
779,YVP,"Fort Chimo (Kuujjuaq), Quebec, Canada   Fort Chimo Airport"
780,FNL,"Fort Collins/Loveland, CO, USA Fort Collins / Loveland Airport"
781,FDF,"Fort De France, Martinique Fort De France"
782,FOD,"Fort Dodge, IA, USA Fort Dodge Regional Airport"
783,FHU,"Fort Huachuca/Sierra Vista, AZ, USA"
784,FLL,"Fort Lauderdale, FL, USA Ft Lauderdale/Hollywood Intl Apt"
785,TBN,"Fort Leonard Wood, MO, USA Forney Field"
786,YMM,"Fort Mcmurray, Alberta, Canada Fort Mcmurray Municipal"
787,RSW,"Fort Myers, FL, USA Regional Southwest Airport"
788,YYE,"Fort Nelson, Canada   Fort Nelson Airport"
789,YXJ,"Fort Saint John, British Columbia, Canada Fort St John"
790,YFS,"Fort Simpson, Northwest Territories, Canada Fort Simpson Airport"
791,FSM,"Fort Smith, AR, USA Fort Smith Municipal"
792,YSM,"Fort Smith, Northwest Territories, Canada"
793,YXJ,"Fort St John, British Columbia, Canada Fort St John"
794,FWA,"Fort Wayne, IN, USA Baer Field"
795,FOR,"Fortaleza, Ceara, Brazil Fortaleza Pinto Martins Airport"
796,FRA,"Frankfurt, Germany Frankfurt International"
797,HHN,"Frankfurt, Germany   Hahn"
798,FKL,"Franklin, PA, USA Chess Lamberton"
799,YXX,"Fraser Valley/Abbotsford, Canada   Abbotsford Airport"
800,EZF,"Fredericksburg, Virginia, USA   Shannon Airport"
801,YFC,"Fredericton, New Brunswick, Canada Fredericton Municipal Apt"
802,FPO,"Freeport, Bahamas Freeport Intl Airport"
803,FAT,"Fresno, CA, USA Fresno Air Terminal"
804,FRD,"Friday Harbor, WA, USA Friday Harbor Airport"
805,FDH,"Friedrichshafen, Germany Friedrichshafen Lowenthal"
806,YFA,"Ft Albany, Canada   Fort Albany Airport"
807,YVP,"Ft Chimo (Kuujjuaq), Quebec, Canada   Fort Chimo Airport"
808,FNL,"Ft Collins/Loveland, CO, USA Fort Collins / Loveland Airport"
809,FDF,"Ft De France, Martinique Fort De France"
810,FOD,"Ft Dodge, IA, USA Fort Dodge Regional Airport"
811,FHU,"Ft Huachuca/Sierra Vista, AZ, USA"
812,FLL,"Ft Lauderdale, FL, USA Ft Lauderdale/Hollywood Intl Apt"
813,TBN,"Ft Leonard Wood, MO, USA Forney Field"
814,YMM,"Ft Mcmurray, Alberta, Canada Fort Mcmurray Municipal"
815,RSW,"Ft Myers, FL, USA Regional Southwest Airport"
816,YYE,"Ft Nelson, Canada   Fort Nelson Airport"
817,YXJ,"Ft Saint John, British Columbia, Canada Fort St John"
818,YFS,"Ft Simpson, Northwest Territories, Canada Fort Simpson Airport"
819,FSM,"Ft Smith, AR, USA Fort Smith Municipal"
820,YSM,"Ft Smith, Northwest Territories, Canada"
821,YXJ,"Ft St John, British Columbia, Canada Fort St John"
822,FWA,"Ft Wayne, IN, USA Baer Field"
823,FUE,"Fuerteventura / Puerto Del Rosario, Canary Islands/Fuerteventura Island, Spain Fuerteventura"
824,FUK,"Fukuoka, Japan Itazuke"
825,FUN,"Funafuti, Funafuti Atol, Tuvalu   International"
826,FNC,"Funchal, Madeira Islands, Portugal Funchal"
827,FUG,"Fuyang, China   Fuyang"
828,FOC,"Fuzhou, China   Fuzhou"
829,GBE,"Gaborone, Botswana Gaborone"
830,GNV,"Gainesville, FL, USA Jr Alison Municipal"
831,GPS,"Galapagos Islands, Ecuador Baltra"
832,GAL,"Galena, AK, USA"
833,GBG,"Galesburg, IL, USA Galesburg Municiple Airport"
834,GUP,"Gallup, NM, USA Gallup Municipal"
835,GLS,"Galveston, TX, USA Scholes Field"
836,GWY,"Galway, Ireland Carnmore"
837,YQX,"Gander, Newfoundland, Canada Gander Intl Airport"
838,YGG,"Ganges Harbor, Canada   Ganges Harbor Airport"
839,KOW,"Ganzhou, China   Ganzhou"
840,GCK,"Garden City, KS, USA Garden City Municipal Airport"
841,GYY,"Gary, IN, USA   Gary Regional"
842,YGP,"Gaspe, Quebec, Canada"
843,ELQ,"Gassim, Saudi Arabia   Gassim Airport"
844,YND,"Gatineau, Quebec, Canada Gatineau"
845,GAU,"Gauhati, India Borjhar"
846,GDN,"Gdansk, Poland Rebiechowo"
847,GVA,"Geneva, Switzerland Geneva"
848,GOA,"Genoa, Italy Christoforo Colombo"
849,GGT,"George Town, Bahamas Exuma International"
850,GRJ,"George, South Africa George"
851,GEO,"Georgetown, Guyana Timehri"
852,XHM,"Georgetown, Ontario, Canada Georgetown / Via Rail Service"
853,GET,"Geraldton, Western Australia, Australia Geraldton"
854,GRO,"Gerona, Spain Costa Brava"
855,LTD,"Ghadames, Libya"
856,GHT,"Ghat, Libya"
857,QGH,"Gherian, Libya"
858,GIB,"Gibraltar, Gibraltar Gibraltar"
859,GIL,"Gilgit, Pakistan, Gilgit Airport"
860,GCC,"Gillam, Manitoba, Canada"
861,GCC,"Gillette, WY, USA Campbell County Airport"
862,YGB,"Gillies Bay, British Columbia, Canada"
863,GIZ,"Gizan (Jizan), Jizan province, Saudi Arabia   Gizan Airport"
864,YHK,"Gjoa Haven, Canada   Gjoa Haven Airport"
865,GLT,"Gladstone, Australia   Gladstone Airport"
866,GGW,"Glasgow, MT, USA"
867,GLA,"Glasgow, Scotland, United Kingdom Glasgow Scotland"
868,PIK,"Glasgow, Scotland, United Kingdom Prestwick"
869,XZC,"Glencoe, Ontario, Canada Glencoe / Via Rail Service"
870,GDV,"Glendive, MT, USA"
871,GOI,"Goa, India Dabolim"
872,YGO,"Gods Narrows, Canada   Gods Narrows Airport"
873,ZGI,"Gods River, Manitoba, Canada"
874,GYN,"Goiania, Brazil   Goiania Santa Genoveva Airport"
875,OOL,"Gold Coast, Queensland, Australia Coolangatta"
876,GLF,"Golfito, Costa Rica Golfito"
877,GLV,"Golovin, AK, USA"
878,GLD,"Goodland, KS, USA Renner Field"
879,YYR,"Goose Bay, Newfoundland, Canada Goose Bay Municipal Airpt"
880,GKA,"Goroka, Papua New Guinea Goroka"
881,GTO,"Gorontalo, Indonesia Tolotio"
882,CRL,"Gosselies, Belgium   Brussels South Charleroi Airport"
883,GOT,"Gothenburg, Sweden Landvetter"
884,GOV,"Gove, Northern Territory, Australia Nhulunbuy"
885,GHB,"Governors Harbour, Bahamas"
886,LPA,"Gran Canaria, Canary Islands, Spain Aeropuerto De Gran Canaria"
887,GRX,"Granada, Spain Granada"
888,GCN,"Grand Canyon, AZ, USA"
889,GCM,"Grand Cayman Island, Cayman Islands Owen Roberts Intl Airport"
890,GFK,"Grand Forks, ND, USA Grand Forks International Airport"
891,GRI,"Grand Island, NE, USA Central Nebraska Regional Airport"
892,GJT,"Grand Junction, CO, USA Walker Field"
893,GRR,"Grand Rapids, MI, USA Kent County International Airport"
894,GDT,"Grand Turk Is, Turks And Caicos Islands"
895,YQU,"Grande Prairie, Alberta, Canada Grande Prairie Airport"
896,GRZ,"Graz, Austria Thalerhof"
897,GBD,"Great Bend, Kansas, USA   Airport"
898,GTF,"Great Falls, MT, USA Great Falls International"
899,GRB,"Green Bay, WI, USA   Austin Straubel International Airport (Austin/Straybel Field)"","
900,LWB,"Greenbrier, WV, USA Greenbrier Valley Airport"
901,GSO,"Greensboro / High Point, NC, USA Piedmont Triad Intl Airport"
902,GRE,"Greenville, IL, USA   Municipal"
903,PGV,"Greenville, NC, USA   Pitt Greenville"
904,GLH,"Greenville, MS, USA   Greenville"
905,GDC,"Greenville, SC, USA   Donaldson Center"
906,GMU,"Greenville, SC, USA   Downtown"
907,GSP,"Greenville, SC, USA   Greenville Spartanburg Metro"
908,GCY,"Greenville, TN, USA   Municipal"
909,GVT,"Greenville, TX, USA   Majors Field"
910,YGN,"Greenway Sound, Canada   Greenway Sound Airport"
911,GNB,"Grenoble, France St Geoirs"
912,GFF,"Griffith, Australia   Griffith Airport"
913,XGY,"Grimsby, Ontario, Canada Grimsby / Via Rail Service"
914,GRQ,"Groningen, Netherlands Eelde"
915,GON,"Groton / New London, CT, USA GrotonNew London"
916,GDL,"Guadalajara, Jalisco, Mexico Miguel Hidalgo Intl"
917,GUM,"Guam, Guam Ab Wonpat Intl Airport"
918,CAN,"Guangzhou, China   Baiyun"
919,GUA,"Guatemala City, Guatemala La Aurora Intl Airport"
920,GYE,"Guayaquil, Ecuador Simon Bolivar"
921,GYA,"Guayaramerin, Bolivia   Buayaramerin Airport"
922,GYM,"Guaymas, Sonora, Mexico"
923,XIA,"Guelph, Ontario, Canada Guelph / Via Rail Service"
924,GCI,"Guernsey, Channel Islands, United Kingdom Guernsey"
925,GUB,"Guerrero Negro, Baja California Sur, Mexico Guerrero Negro Airport"
926,KWL,"Guilin, China"
927,KWE,"Guiyang, China   Guiyang"
928,GPT,"Gulfport, MS, USA Gulfport/Biloxi"
929,GUC,"Gunnison, CO, USA Gunnison County Airport"
930,URY,"Gurayat, Saudi Arabia   Gurayat Airport"
931,GST,"Gustavus, Alaska, USA   Gustavus Airport"
932,GWD,"Gwadar, Pakistan"
933,HPA,"Ha'Apai, Tonga   Ha'Apai Airport"
934,HBT,"Hafr Albatin, Saudi Arabia   Hafr Albatin Airport"
935,HGR,"Hagerstown, MD, USA Washington County Regional Airport"
936,HFA,"Haifa, Israel   Haifa Airport"
937,HAK,"Haikou, China Haikou"
938,HAS,"Hail, Saudi Arabia   Hail Airport"
939,HLD,"Hailar, China   Hailar"
940,HNS,"Haines, AK, USA"
941,HPH,"Haiphong, Vietnam   Haiphong Airport"
942,HAC,"Hachijo Jima, Japan   Hachijo Jima Airport"
943,HKD,"Hakodate, Japan Hakodate"
944,YHZ,"Halifax, Nova Scotia, Canada Halifax International"
945,YUX,"Hall Beach, Canada   Hall Beach Airport"
946,HAD,"Halmstad, Sweden Halmstad"
947,HAM,"Hamburg, Germany Fuhlsbuttel"
948,HTI,"Hamilton Island, Queensland, Australia"
949,HLZ,"Hamilton, New Zealand Hamilton"
950,YHM,"Hamilton, Ontario, Canada Hamilton Civic Airport"
951,HFT,"Hammerfest, Norway"
952,HNM,"Hana, Hawaii, USA   Hana Airport"
953,CMX,"Hancock, MI, USA Houghton County / Memorial"
954,HGH,"Hangzhou, China"
955,HAN,"Hanoi, Vietnam Noibai Airport"
956,HAJ,"Hanover, Germany Langenhagen"
957,HRE,"Harare, Zimbabwe Harare"
958,ZNA,"Harbour/Nanaimo, British Columbia, Canada   Harbor Airport"
959,HRB,"Harbin, China"
960,HGA,"Hargeisa, Somalia   Hargeisa Airport"
961,HRL,"Harlingen, TX, USA"
962,MDT,"Harrisburg, PA, USA Harrisburg International Airport"
963,HRO,"Harrison, AR, USA Boone County"
964,BDL,"Hartford, CT, USA Bradley International Airport"
965,HSI,"Hastings, NE, USA"
966,HDY,"Hat Yai, Thailand"
967,HAU,"Haugesund, Norway Karmoy"
968,HAV,"Havana, Cuba Jose Marti"
969,HVR,"Havre, MT, USA City County"
970,YHY,"Hay River, Northwest Territories, Canada"
971,HDN,"Hayden, CO, USA Yampa Valley Regional Airport"
972,HIS,"Hayman Island, Queensland, Australia Hayman Island Airport"
973,HYS,"Hays, KS, USA Hays Municipal Airport"
974,HFE,"Hefei, China   Hefei"
975,HEH,"Heho, Myanmar (Burma)   Heho Airportv"
976,HDB,"Heidelberg, Germany"
977,HLN,"Helena, MT, USA"
978,AGH,"Helsingborg, Sweden Angelholm/Helsingborg"
979,JHE,"Helsingborg, Sweden Heliport"
980,HEL,"Helsinki, Finland Helsinki"
981,HER,"Heraklion, Crete Island, Greece Heraklion"
982,HEA,"Herat, Afghanistan   Herat"
983,HDF,"Heringsdorf, Germany   Heringsdorf Airport"
984,HMO,"Hermosillo, Sonora, Mexico General Ignacio Pesqueira Garcia"
985,HVB,"Hervey Bay, Queensland, Australia"
986,XDU,"Hervey, Quebec, Canada Hervey / Via Rail Service"
987,HIB,"Hibbing / Chisholm, MN, USA HibbingChisholm"
988,HKY,"Hickory, NC, USA"
989,YOJ,"High Level, Alberta, Canada Footner Lake Muncpl"
990,ITO,"Hilo, HI, USA Hilo Hawaii:HawaiiInternational Usa"
991,HHH,"Hilton Head, SC, USA Municipal"
992,HIJ,"Hiroshima, Japan Hiroshima"
993,SGN,"Ho Chi Minh City, Vietnam Tan Son Nhut"
994,HBA,"Hobart, Tasmania, Australia   Hobart Cambridge Airport"
995,HOB,"Hobbs, NM, USA Lea County"
996,HDS,"Hoedspruit, South Africa   Hoedspruit Airport"
997,HOQ,"Hof Airport"
998,HOF,"Hofuf, Saudi Arabia   Hofuf Airport"
999,HET,"Hohhot, China"
1000,HKK,"Hokitika, New Zealand Hokitika"
1001,YHI,"Holman Island, Northwest Territories, Canada"
1002,HOM,"Homer, AK, USA Homer Airport"
1003,HKG,"Hong Kong, Hong Kong"
1004,HIR,"Honiara/Guadalcanal, Solomon Islands Henderson International"
1005,HVG,"Honningsvag, Norway   Honningsvag Valan Airport"
1006,HNL,"Honolulu, HI, USA Honolulu International"
1007,MKK,"Hoolehua, HI, USA Municipal"
1008,HNH,"Hoonah, AK, USA"
1009,HPB,"Hooper Bay, AK, USA"
1010,HID,"Horn Island, Australia   Horn Island Airport"
1011,YHN,"Hornepayne, Ontario, Canada"
1012,HSM,"Horsham, Australia"
1013,HOR,"Horta, Portugal   Horta Airport"
1014,HKN,"Hoskins, Papua New Guinea Hoskins"
1015,HOT,"Hot Springs, AR, USA Memorial Field"
1016,HTN,"Hotan, China   Hotan"
1017,HUM,"Houma, LA, USA Terrebonne"
1018,HUQ,"Houn, Libya"
1019,ZHO,"Houston, British Columbia, Canada"
1020,IAH,"Houston, TX, USA"
1021,EFD,"Houston, TX, USA Ellington Field"
1022,HOU,"Houston, TX, USA Houston Hobby Airport"
1023,HOU,"Houston, TX, USA Houston Hobby Airport"
1024,IAH,"Houston, TX, USA Houston Intercontinental"
1025,HUH,"Huahine, French Polynesia   Huahine Airport"
1026,HUN,"Hualien, Taiwan Hualien"
1027,HYN,"Huangyan, China   Huangyan"
1028,HUX,"Huatulco, Oaxaca, Mexico"
1029,YHB,"Hudson Bay, Saskatchewan, Canada"
1030,HUI,"Hue, Vietnam"
1031,HUY,"Humberside, England, United Kingdom Humberside"
1032,HTS,"Huntington / Ashland, WV, USA TriState"
1033,HSV,"Huntsville/Decatur, AL, USA HuntsvilleMadison County Jetplex"
1034,HRG,"Hurghada, Egypt"
1035,HON,"Huron, SD, USA Huron Regional Airport"
1036,HWN,"Hwange National Park, Zimbabwe Hwange National Park"
1037,HYA,"Hyannis, MA, USA Barnstable County"
1038,HYG,"Hydaburg, AK, USA"
1039,HYD,"Hyderabad, India   Rajiv Gandhi International Airport (formerly Begumpet)"","
1040,IAS,"Iasi, Romania Iasi"
1041,IBZ,"Ibiza, Spain Ibiza"
1042,IDA,"Idaho Falls, ID, USA"
1043,IGG,"Igiugig, Alaska, USA   Iguigig Airport"
1044,YGT,"Igloolik, Northwest Territories, Canada"
1045,IGU,"Iguassu Falls, Parana, Brazil   Igaussu Falls   Cataratas Airport"
1046,IGR,"Iguazu, Misiones, Argentina Iguazu International"
1047,JIK,"Ikaria Island, Greece   Ikaria Airport"
1048,YGR,"Iles De La Madeleine, Quebec, Canada House Harbour Airport"
1049,ILF,"Ilford, Manitoba, Canada"
1050,IOS,"Ilheus, Bahia, Brazil   Eduardo Gomes"
1051,ILI,"Iliamna, AK, USA"
1052,ILQ,"Ilo, Moquegua, Peru Ilo Airport"
1053,ILO,"Iloilo, Philippines Mandurriao"
1054,JAV,"Ilulissat, Greenland"
1055,IMP,"Imperatriz, Maranhao, Brazil"
1056,IMF,"Imphal, India Municipal"
1057,IGA,"Inagua, Bahamas"
1058,ICN,"Incheon [Seoul], South Korea   Incheon International Airport"
1059,SHC,"Indaselassie, Ethiopia"
1060,IND,"Indianapolis, IN, USA Indianapolis International Airport"
1061,IDR,"Indore, India   Indore Airport"
1062,XIB,"Ingersoll, Ontario, Canada Ingersoll / Via Rail Service"
1063,INN,"Innsbruck, Austria Kranebitten"
1064,INL,"International Falls, MN, USA Falls International"
1065,YPH,"Inukjuak, Canada   Inukjuak Airport"
1066,YEV,"Inuvik, Northwest Territories, Canada Inuvik International Arpt"
1067,IVC,"Invercargill, New Zealand   Invercargill Airport"
1068,INV,"Inverness, Scotland, United Kingdom Inverness"
1069,IYK,"Inyokern, CA, USA Inyokern Airport"
1070,IOA,"Ioannina, Greece Ioannina"
1071,IPI,"Ipiales, Colombia San Luis"
1072,IPH,"Ipoh, Malaysia Ipoh"
1073,YFB,"Iqaluit, Northwest Territories, Canada   Iqaluit Frobisher Bay Airport"
1074,IQQ,"Iquique, Chile Chucumata"
1075,IQT,"Iquitos, Peru Cf Secada"
1076,IKT,"Irkutsk, Russia   Irkutsk Southeast Airport"
1077,IMT,"Iron Mountain, MI, USA Ford Airport"
1078,IWD,"Ironwood, MI, USA Gogebic County Airport"
1079,ISH,"Ischia, Italy   Ischia Airport"
1080,IFN,"Isfahan, Iran   Isfahan Airport"
1081,ISG,"Ishigaki, Japan   Ishigaki Airport"
1082,ISB,"Islamabad, Pakistan International"
1083,ILY,"Islay, Scotland, United Kingdom Glenegedale"
1084,IOM,"Isle Of Man, Isle Of Man, United Kingdom Ronaldsway"
1085,ISC,"Isles Of Scilly, Isles Of Scilly, United Kingdom Tresco"
1086,ISP,"Islip, NY, USA Long IslandMacarthur Airport"
1087,IST,"Istanbul, Turkey Ataturk"
1088,QIE,"Istres, France   Le Tube airport"
1089,ITB,"Itaituba, Brazil   Itaituba Airport"
1090,ITH,"Ithaca, NY, USA Tompkins County"
1091,IVL,"Ivalo, Finland   Ivalo Airport"
1092,IFO,"Ivano Frankovsk, Ukraine   Ivano Frankovsk Airport"
1093,YIK,"Ivujivik, Canada   Ivujivik Airport"
1094,IWJ,"Iwami, Japan   Iwami Airport"
1095,ZIH,"Ixtapa/Zihuatanejo, Guerrero, Mexico International"
1096,IJK,"Izhevsk, Russia"
1097,ADB,"Izmir, Turkey Adnan Menderes"
1098,IZO,"Izumo, Japan"
1099,JAG,"Jacobabad, Pakistan   Jacobabad Airport"
1100,JAT,"Jabat, Marshall Islands Jabat Intl"
1101,JAC,"Jackson Hole, WY, USA Jackson Hole Airport"
1102,JAN,"Jackson, MS, USA Allen C Thompson Field"
1103,MKL,"Jackson, TN, USA Mc Kellar Field"
1104,JAX,"Jacksonville, FL, USA Jacksonville International Airport"
1105,CRG,"Jacksonville, Florida, USA   Craig Municipal Airport"
1106,OAJ,"Jacksonville, NC, USA"
1107,JAI,"Jaipur, India Sanganeer"
1108,HLP,"Jakarta, Indonesia Halim Perdana Kusama"
1109,CGK,"Jakarta, Indonesia Soekarno Hatta International"
1110,JAL,"Jalapa, Mexico   Jalapa Airport"
1111,JMS,"Jamestown, ND, USA Jamestown Municipal Airport"
1112,JHW,"Jamestown, NY, USA Chautauqua County Airport"
1113,IXJ,"Jammu, India Satwari"
1114,JGA,"Jamnagar, India Govardhanpur"
1115,IXW,"Jamshedpur, India Sonari"
1116,YJA,"Jasper, Alberta, Canada"
1117,DJJ,"Jayapura, Indonesia   Sentani Jayapura Airport"
1118,JED,"Jeddah, Saudi Arabia Jeddah International"
1119,XRY,"Jerez De La Frontera, Spain La Parra"
1120,JER,"Jersey, Channel Islands, United Kingdom States"
1121,JIJ,"Jijiga, Ethiopia   Jijiga Airport"
1122,JIL,"Jilin, China   Jilin"
1123,JIM,"Jimma, Ethiopia   Jimma Airport"
1124,TNA,"Jinan, China   Jinan"
1125,JHG,"Jinghong, China   Jinghong"
1126,JJN,"Jinjiang, China   Jinjiang"
1127,GIZ,"Jizan (Gizan), Jizan province, Saudi Arabia   Gizan Airport"
1128,JPA,"Joao Pessoa, Brazil   Castro Pinto Airport"
1129,JDH,"Jodhpur, India"
1130,JOE,"Joensuu, Finland   Joensuu Airport"
1131,JNB,"Johannesburg, South Africa   O R Tambo International Airport (formerly Jan Smuts)"","
1132,JON,"Johnston Island, US, Outlying Islands"
1133,JST,"Johnstown, PA, USA Johnstown Cambria"
1134,JHB,"Johor Bahru, Malaysia Sultan Ismail International"
1135,JOI,"Joinville, Santa Catarina, Brazil Federal/Cubatao Airport"
1136,XJL,"Joliette, Quebec, Canada Joliette / Via Rail Service"
1137,JMO,"Jomsom, Nepal"
1138,JBR,"Jonesboro, AR, USA Municipal"
1139,JKG,"Jonkoping, Sweden Axamo"
1140,XJQ,"Jonquiere, Quebec, Canada Jonquiere / Via Rail Service"
1141,JLN,"Joplin, MO, USA Municipal Airport"
1142,JRH,"Jorhat, India   Jorhat Airport"
1143,JOS,"Jos, Nigeria   Jos Airport"
1144,AJF,"Jouf, Saudi Arabia   Jouf Airport"
1145,JDO,"Juazeiro Do Norte, Brazil   Juazeiro Do Norte Airport"
1146,JUJ,"Jujuy, Provincia Jujuy, Argentina El Cadillal"
1147,JUL,"Juliaca, Peru Juliaca"
1148,JNU,"Juneau, AK, USA Juneau"
1149,JYV,"Jyvaskyla, Finland   Jyvaskyla Airport"
1150,ABK,"Kabri Dar, Ethiopia   Kabri Dar Airport"
1151,KBL,"Kabul, Afghanistan   Khwaja Rawash"
1152,DNA,"Kadena AFB, Okinawa, Japan   Kadena Air Force Base Okinawa Airport"
1153,KOJ,"Kagoshima, Japan Kagoshima"
1154,OGG,"Kahului, HI, USA Kahului Airport"
1155,IXH,"Kailashahar, India Kailashahar"
1156,KAT,"Kaitaia, New Zealand Kaitaia"
1157,KAJ,"Kajaani, Finland   Kajaani Airport"
1158,KAE,"Kake, AK, USA"
1159,AZO,"Kalamazoo, MI, USA Kalamazoo/Battle Creek Intl"
1160,LUP,"Kalaupapa, Hawaii, USA, Kalaupapa Airport"
1161,KGI,"Kalgoorlie, Australia   Kalgoorlie Airport"
1162,KLO,"Kalibo, Philippines Kalibo"
1163,KGD,"Kaliningrad, Russia Kaliningrad Airport"
1164,FCA,"Kalispell, MT, USA Glacier Park International"
1165,GPI,"Kalispell, MT, USA   Glacier Park International"
1166,KLR,"Kalmar, Sweden Kalmar"
1167,KAL,"Kaltag, AK, USA"
1168,IXQ,"Kamalpur, India Kamalpur"
1169,YKA,"Kamloops, British Columbia, Canada Fulton Field"
1170,MUE,"Kamuela, Hawaii, USA   Waimea Kohala Kamuela Airport"
1171,KDH,"Kandahar, Afghanistan   Kandahar"
1172,IXY,"Kandla, India Kandla"
1173,SFJ,"Kangerlussuaq, Greenland Sondre Stromfjord"
1174,XGR,"Kangiqsualujjuaq, Canada   Kangiqsualujjuaq Airport"
1175,YWB,"Kangiqsujuaq, Canada   Kangiqsujuaq Airport"
1176,YKG,"Kangirsuk, Canada   Kangirsuk Airport"
1177,KAG,"Kangnung, Republic of Korea   Kangnung Airport"
1178,DHM,"Kangra, Himachal Pradesh, India   Kangra Gaggal Dharamsala Airport"
1179,KAN,"Kano, Nigeria Aminu Kano International"
1180,MKC,"Kansas City, MO, USA Downtown"
1181,MCI,"Kansas City, MO, USA Kansas City International Airport"
1182,KHH,"Kaohsiung, Taiwan"
1183,JHM,"Kapalua, HI, USA Kapalua"
1184,YYU,"Kapuskasing, Ontario, Canada"
1185,KHI,"Karachi, Pakistan   Quaid E Azam International Airport"
1186,KAB,"Kariba, Zimbabwe Kariba"
1187,KLV,"Karlovy Vary, Czech Republic   Karlovy Vary Airport"
1188,FKB,"Karlsruhe/Baden, Germany   Karlsruhe Baden Airport"
1189,KSD,"Karlstad, Sweden   Karlstad Airport"
1190,AOK,"Karpathos, Greece Karpathos"
1191,KTA,"Karratha, Australia   Karratha Airport"
1192,KSY,"Kars, Turkey   Kars Airport"
1193,KSQ,"Karshi, Uzbekistan   Karshi Airport"
1194,KRP,"Karup, Denmark Karup"
1195,BBK,"Kasane, Botswana Kasane"
1196,ZKE,"Kaschechewan, Canada   Kaschechewan Airport"
1197,KHG,"Kashi, China   Kashi"
1198,KSJ,"Kasos Island, Greece Kasos Island"
1199,KSF,"Kassel, Germany   Kassel Airport"
1200,KZS,"Kastelorizo Island, Greece   Kastelorizo Airport"
1201,KSO,"Kastoria,Greece   Kastoria Airport"
1202,KTR,"Katherine, Northern Territory, Australia Tindal"
1203,KTM,"Kathmandu, Nepal Tribhuvan"
1204,KTW,"Katowice, Poland Pyrzowice"
1205,LIH,"Lihue, Kauai Island, HI, USA Lihue Municipal Airport"
1206,HPV,"Kauai Island, HI, USA Princeville"
1207,KUN,"Kaunas, Lithuania Kaunas"
1208,KVA,"Kavala, Greece Kavala"
1209,MKK,"Kaunakakai/Hoolehua, HI, USA   Molokai Municipal Airport"
1210,ASR,"Kayseri, Turkey   Kayseri Airport"
1211,KZN,"Kazan, Russia Kazan"
1212,EAR,"Kearney, NE, USA Kearney Municipal Airport"
1213,EEN,"Keene / Brattleboro, NH, USA Dillant Hopkins"
1214,EFL,"Kefallinia Island, Greece   Kefallinia Airport"
1215,YLW,"Kelowna, British Columbia, Canada Ellison Field Airport"
1216,KEJ,"Kemerovo, Russia Kemerovo"
1217,KEM,"Kemi/Tornio, Finland Kemi"
1218,KPS,"Kempsey, Australia   Kempsey Airport"
1219,ENA,"Kenai, AK, USA Kenai Municipal Airport"
1220,KEH,"Kenmore Air Harbor, WA, USA"
1221,YQK,"Kenora, Ontario, Canada"
1222,KMA,"Kerema, Papua New Guinea   Kerema Airport"
1223,CFU,"Kerkyra, Greece Kerkyra"
1224,KER,"Kerman, Iran Kerman"
1225,KSH,"Kermanshah, Iran Bakhtaran Iran"
1226,KKE,"Kerikeri, New Zealand   Kerikeri Airport"
1227,KIR,"Kerry County, Ireland Kerry County"
1228,IXK,"Keshod, India Keshod"
1229,KTN,"Ketchikan, AK, USA Ketchikan International"
1230,EYW,"Key West, FL, USA"
1231,KHV,"Khabarovsk, Russia   Novy"
1232,HJR,"Khajuraho, India   Khajuraho Airport"
1233,KHR,"Kharkhorin, Ovorkhangai, Mongolia   Kharkhorin Airport"
1234,HRK,"Kharkov, Ukraine Kharkov"
1235,KRT,"Khartoum, Sudan Civil"
1236,QKO,"Khoms (Al Khums), Libya"
1237,KKC,"Khon Kaen, Thailand   Khon Kaen Airport"
1238,KOG,"Khong Island, Laos   Khong Island Airport"
1239,HVD,"Khovd, Khovd, Mongolia   Khovd Airport"
1240,IXN,"Khowai, India Khowai"
1241,HJT,"Khujirt, Ovorkhangai, Mongolia   Khujirt Airport"
1242,KEL,"Kiel, Germany Holtenau"
1243,KBP,"Kiev, Ukraine Borispol"
1244,IEV,"Kiev, Ukraine Zhulhany"
1245,KGL,"Kigali, Rwanda   Kigali Kayibanda International Airport"
1246,TKQ,"Kigoma, Tanzania"
1247,JRO,"Kilimanjaro, Tanzania Kilimanjaro"
1248,ILE,"Killeen, TX, USA"
1249,KIM,"Kimberley, South Africa   B J Vorster Airport"
1250,KVC,"King Cove, Alaska, USA   King Cove Airport"
1251,KNS,"King Island, Tasmania, Australia King Island"
1252,AKN,"King Salmon, Alaska, USA   King Salmon Airport"
1253,IGM,"Kingman, AZ, USA Mohave County"
1254,KGC,"Kingscote, South Australia, Australia"
1255,KIN,"Kingston, Jamaica"
1256,YGK,"Kingston, Ontario, Canada Kingston Airport"
1257,KNH,"Kinmen, Taiwan   Kinmen Island Airport"
1258,FIH,"Kinshasa, Zaire Kinshasa"
1259,ISO,"Kinston, NC, USA"
1260,KPN,"Kipnuk, AK, USA"
1261,KKN,"Kirkenes, Norway Hoeyburtmoen"
1262,IRK,"Kirksville, Missouri, USA   Kirksville Airport"
1263,KOI,"Kirkwall / Orkney Island, Scotland, United Kingdom Kirkwall"
1264,KRN,"Kiruna, Sweden Kiruna"
1265,KIV,"Kishinev, Moldova Kishinev"
1266,KKJ,"Kitakyushu, Japan   Kitakyushu Airport"
1267,YKF,"Kitchener, Ontario, Canada Kitchener"
1268,KIT,"Kithira Island, Greece   Kithira Airport"
1269,KTT,"Kittila, Finland   Kittila Airport"
1270,KVL,"Kivalina, Alaska, USA   Kivalina Airport"
1271,KLU,"Klagenfurt, Austria Klagenfurt"
1272,LMT,"Klamath Falls, OR, USA Kingsley Field Airport"
1273,KLW,"Klawock, AK, USA"
1274,TYS,"Knoxville, TN, USA Mcghee Tyson"
1275,KCZ,"Kochi, Japan   Kochi Airport"
1276,ADQ,"Kodiak, AK, USA"
1277,USM,"Koh Samui, Thailand"
1278,KOK,"Kokkola/Pietarsaari, Finland Kruunupyy"
1279,KLH,"Kolhapur (Ujlaiwadi), Maharashtra, India   Kolhapur Airport"
1280,KGK,"Koliganek, Alaska, USA   Koliganek Airport"
1281,CCU,"Kolkata (Calcutta), India   Calcutta International Airport"
1282,KMQ,"Komatsu, Japan   Komatsu Airport"
1283,KOA,"Kona, HI, USA Keahole"
1284,KKH,"Kongiganak, Alaska, USA   Kongiganak Airport"
1285,KYA,"Konya, Turkey   Konya Airport"
1286,KRL,"Korla, China   Korla"
1287,ROR,"Koror, Palau Airai"
1288,KGS,"Kos Island, Greece   Kos Airport"
1289,KSC,"Kosice, Slovakia Barca"
1290,KSA,"Kosrae, Caroline Islands, Micronesia"
1291,OSZ,"Koszalin, Poland   Koszalin Airport"
1292,KBR,"Kota Bharu, Malaysia Sultan Ismail Petra"
1293,BKI,"Kota Kinabalu, Sabah, Malaysia Kota Kinabalu"
1294,OTZ,"Kotzebue, AK, USA"
1295,KZI,"Kozani, Macedonia, Greece   Kozani Airport"
1296,KBV,"Krabi, Thailand   Krabi Airport"
1297,KRK,"Krakow, Poland Balice"
1298,KRF,"Kramfors, Sweden Kramfors"
1299,KRR,"Krasnodar, Russia Krasnodar"
1300,KJA,"Krasnojarsk, Russia"
1301,KRS,"Kristiansand, Norway Kjevik"
1302,KID,"Kristianstad, Sweden   Kristianstad Airport"
1303,KSU,"Kristiansund, Norway Kvernberget"
1304,HLA,"Krugersdorp, South Africa   Lanseria International Airport"
1305,KUL,"Kuala Lumpur, Malaysia   KLIA Kuala Lumpur International"
1306,SZB,"Kuala Lumpur   Subang, Malaysia"
1307,TGG,"Kuala Terengganu, Malaysia Sultan Mahmood"
1308,KUA,"Kuantan, Malaysia Padang Geroda"
1309,KCH,"Kuching, Sarawak, Malaysia Kuching"
1310,KUD,"Kudat, Malaysia   Kudat Airport"
1311,AKF,"Kufrah, Libya"
1312,KUS,"Kulusuk, Greenland Metropolitan Area"
1313,KMJ,"Kumamoto, Japan Kumamoto"
1314,UEO,"Kume Jima, Japan   Kume Jima Airport"
1315,KMG,"Kunming, China Kunming"
1316,KUV,"Kunsan, South Korea"
1317,KNX,"Kununurra, Australia   Kununurra Airport"
1318,KUO,"Kuopio, Finland Kuopio"
1319,KCA,"Kuqa, China   Kuqa"
1320,KUH,"Kushiro, Japan   Kushiro Airport"
1321,YVP,"Kuujjuaq, Quebec, Canada Fort Chimo Airport"
1322,YGW,"Kuujjuarapik, Quebec, Canada Kuujjuarapik"
1323,KAO,"Kuusamo, Finland   Kuusamo Airport"
1324,KWI,"Kuwait, Kuwait International"
1325,KWA,"Kwajalein, Marshall Islands"
1326,KWJ,"Kwangju, Republic of Korea   Kwangju Airport"
1327,LCE,"La Ceiba, Honduras International"
1328,LCG,"La Coruna, Spain La Coruna"
1329,LSE,"La Crosse, WI, USA La Crosse Municipal"
1330,YGL,"La Grande, Canada   La Grande Airport"
1331,LAP,"La Paz, Baja California Sur, Mexico Aeropuerto General Marquez De Leon"
1332,LPB,"La Paz, Bolivia El Alto"
1333,IRJ,"La Rioja, Argentina   La Rioja Airport"
1334,LRH,"La Rochelle, France Laleu"
1335,LRM,"La Romana, Dominican Republic   La Romana Casa De Campo Airport"
1336,YVC,"La Ronge, Saskatchewan, Canada La Ronge"
1337,SSQ,"La Sarre, Quebec, Canada"
1338,LSC,"La Serena, Chile La Florida"
1339,YLQ,"La Tuque, Quebec, Canada La Tuque"
1340,EUN,"Laayoune, Morocco LaayouneHassan I Morocco"
1341,LBS,"Labasa, Fiji   Labasa Airport"
1342,LBU,"Labuan, Sabah, Malaysia"
1343,XEE,"Lac Edouard, Quebec, Canada Lac Edouard / Via Rail Service"
1344,XEH,"Ladysmith, British Columbia, Canada Ladysmith / Via Rail Service"
1345,LAE,"Lae, Papua New Guinea   Lae Nadzab Airport"
1346,LFT,"Lafayette / New Iberia, LA, USA Municipal"
1347,LAF,"Lafayette, IN, USA Purdue University Airport"
1348,LOS,"Lagos, Nigeria Murtala Muhammed"
1349,LDU,"Lahad Datu, Sabah, Malaysia Lahad Datu"
1350,LHE,"Lahore, Pakistan Lahore"
1351,LCH,"Lake Charles, LA, USA Municipal"
1352,YLC,"Lake Harbour, Canada   Lake Harbour Airport"
1353,HII,"Lake Havasu City, AZ, USA   Lake Havasu City Municipal Airport"
1354,LKE,"Lake Union Sea Plane Base, Seattle, WA, USA"
1355,LKL,"Lakselv, Norway   Banak"
1356,LLI,"Lalibela, Ethiopia   Lalibela Airport"
1357,SUF,"Lamezia Terme, Italy   Lamezia Terme Airport"
1358,LPT,"Lampang, Thailand   Lampang Airport"
1359,LMP,"Lampedusa Island, Italy   Lampedusa Airport"
1360,LNY,"Lanai City, HI, USA Lanai"
1361,LNS,"Lancaster, PA, USA Lancaster"
1362,XEJ,"Langford, British Columbia, Canada Langford / Via Rail Service"
1363,LGK,"Langkawi, Malaysia"
1364,LAI,"Lannion, France   Lannion Airport"
1365,LAN,"Lansing, MI, USA Capital City Airport"
1366,ACE,"Lanzarote, Canary Islands, Spain Lanzarote"
1367,LHW,"Lanzhou, China   Metropolitan Area"
1368,ZGC,"Lanzhou, China   Zhongchuan Lanzhou West Airport"
1369,LAO,"Laoag, Philippines   Laoag Airport"
1370,LPP,"Lappeenranta, Finland   Lappeenranta Airport"
1371,LAR,"Laramie, WY, USA General Brees Field"
1372,LRD,"Laredo, TX, USA International"
1373,LCA,"Larnaca, Cyprus Intl"
1374,LRU,"Las Cruces, NM, USA"
1375,LSP,"Las Piedras, Venezuela Josefa Camejo"
1376,LAS,"Las Vegas, NV, USA Mccarran International Airport"
1377,VGT,"Las Vegas, NV, USA North Air Terminal"
1378,LBE,"Latrobe, PA, USA Westmoreland County"
1379,LST,"Launceston, Tasmania, Australia Launceston"
1380,PIB,"Laurel, MS, USA Laurel Hattiesburg/Camp Shelby"
1381,NAN,"Lautoka/Nadi, Fiji   International"
1382,LWY,"Lawas, Sarawak, Malaysia Lawas"
1383,LAW,"Lawton, OK, USA Municipal"
1384,LZC,"Lazaro Cardenas, Michoacan, Mexico Na"
1385,LEH,"Le Havre, France Le Havre"
1386,LEA,"Learmonth, Western Australia, Australia"
1387,LEB,"Lebanon/Hanover/White River, NH, USA Lebanon Regional"
1388,LBA,"Leeds/Bradford, England, United Kingdom"
1389,PVK,"Lefkas, Greece   Preveza Lefkas Airport"
1390,LGP,"Legaspi, Philippines Legaspi"
1391,IXL,"Leh, India Leh"
1392,LEJ,"Leipzig, Germany Leipzig"
1393,LKN,"Leknes, Norway Leknes"
1394,LEN,"Leon, Spain   Leon Airport"
1395,BJX,"Leon/Guanajuato, Guanajuato, Mexico Del Bajio"
1396,LRS,"Leros, Greece Leros"
1397,YQL,"Lethbridge, Alberta, Canada Lethbridge Airport"
1398,LET,"Leticia, Colombia Gen Av Cob0"
1399,KLL,"Levelock, Alaska, USA   Levelock Airport"
1400,LWB,"Lewisburg, WV, USA   Lewisburg Greenbrier Valley Airport"
1401,LWS,"Lewiston, ID, USA LewistonNez Perce Airport"
1402,LWT,"Lewistown, MT, USA Municipal"
1403,LEX,"Lexington, KY, USA Blue Grass Field"
1404,LXA,"Lhasa, Tibet Autonomous Region, China   Lhasa"
1405,LYG,"Lianyungang, China   Lianyungang"
1406,LBL,"Liberal, KS, USA Glenn L Martin Terminal"
1407,LIR,"Liberia, Costa Rica Liberia"
1408,LBV,"Libreville, Gabon Libreville"
1409,LGG,"Liege, Belgium Bierset"
1410,LIF,"Lifou Island, New Caledonia   Lifou Airport"
1411,LJG,"Lijiang, China   Lijiang City Airport"
1412,IXI,"Lilabari, India Lilabari"
1413,LIL,"Lille, France Lille Lesquin Airport"
1414,LLW,"Lilongwe, Malawi Kamuzu Intl"
1415,LIM,"Lima, Peru Intl Jorge Chavez"
1416,LMN,"Limbang, Sarawak, Malaysia Limbang"
1417,LIG,"Limoges, France Bellegarde"
1418,LNJ,"Lincang, China   Lincang"
1419,LNK,"Lincoln, NE, USA Municipal Airport"
1420,LPI,"Linkoping, Sweden Saab"
1421,LNZ,"Linz, Austria Linz"
1422,LIS,"Lisbon, Portugal Lisboa"
1423,LSY,"Lismore, New South Wales, Australia Lismore"
1424,LIT,"Little Rock, AR, USA Little Rock Regional Airport"
1425,LZH,"Liuzhou, China   Liuzhou"
1426,LPL,"Liverpool, England, United Kingdom Liverpool"
1427,LVI,"Livingstone, Zambia Livingstone"
1428,LJU,"Ljubljana, Slovenia Brnik"
1429,LFW,"Lome, Togo Lome"
1430,LNV,"Londolovit, Papua New Guinea Londolovit"
1431,LGW,"London, England, United Kingdom Gatwick"
1432,LHR,"London, England, United Kingdom Heathrow"
1433,LCY,"London, England, United Kingdom London City"
1434,LTN,"London, England, United Kingdom Luton International"
1435,STN,"London, England, United Kingdom Stansted"
1436,YXU,"London, Ontario, Canada   London Municipal"
1437,LDB,"Londrina, Parana, Brazil   Londrina"
1438,LGB,"Long Beach, CA, USA Long Beach Municipal Airport"
1439,LRE,"Longreach, Australia   Longreach Airport"
1440,GGG,"Longview/Gladewater/Kilgore, TX, USA Gregg County"
1441,LYR,"Longyearbyen, Norway Svalbard"
1442,LDH,"Lord Howe Island, Australia   Lord Howe Island Airport"
1443,LTO,"Loreto, Baja California Sur, Mexico"
1444,LRT,"Lorient, France LannBihoue"
1445,LAX,"Los Angeles, CA, USA Los Angeles Intl Airport"
1446,LAX,"Los Angeles, CA, USA Los Angeles Intl Airport"
1447,LSQ,"Los Angeles, Chile Maria Dolores"
1448,LMM,"Los Mochis, Sinaloa, Mexico"
1449,LOU,"Louisville, Kentucky   Bowman Field"
1450,SDF,"Louisville, KY, USA   Louisville International Airport (formerly Standiford Field)"","
1451,LDE,"Lourdes/Tarbes, France Tarbes International"
1452,LAD,"Luanda, Angola Fevereiro"
1453,LBB,"Lubbock, TX, USA Lubbock International Airport"
1454,LKO,"Lucknow, India   Lucknow Amausi Airport"
1455,LUD,"Luderitz, Namibia Luderitz"
1456,LUG,"Lugano, Switzerland Agno"
1457,VSG,"Lugansk, Ukraine"
1458,LUA,"Lukla, Nepal Lukla"
1459,LLA,"Lulea, Sweden Kallax"
1460,LYA,"Luoyang, China   Luoyang"
1461,LUN,"Lusaka, Zambia Lusaka"
1462,LUX,"Luxembourg, Luxembourg Findel"
1463,LUM,"Luxi, China   Luxi"
1464,LXR,"Luxor, Egypt Luxor"
1465,LZO,"Luzhou, China   Luzhou"
1466,CRK,"Luzon Is, Clark Field, Philippines"
1467,LWO,"Lvov, Ukraine Snilow"
1468,LYB,"Little Cayman, Cayman Islands   Little Cayman Airport"
1469,LCJ,"Lodz, Poland   Lodz Airport"
1470,RJL,"Logrono, Spain   Logrono Airport"
1471,LDY,"Londonderry, Northern Ireland, United Kingdom   Londonderry Airport"
1472,LKH,"Long Akah, Malaysia   Long Akah Airport"
1473,LBP,"Long Banga, Malaysia   Long Banga Airport"
1474,LGL,"Long Lellang, Malaysia   Long Lellang Airport"
1475,ODN,"Long Seridan, Malaysia   Long Seridan Airport"
1476,LPS,"Lopez Island, Washington, USA   Lopez Island Airport"
1477,SJD,"Los Cabos, San Jose Del Cabo, Baja California Sur, Mexico   Los Cabos Intl Airport"
1478,LXG,"Luang Namtha, Laos   Luang Namtha Airport"
1479,LPQ,"Luang Prabang, Laos   Luang Prabang International Airport"
1480,LXR,"Luxor, Egypt   Luxor"
1481,LYC,"Lycksele, Sweden   Lycksele Airport"
1482,LYH,"Lynchburg, VA, USA Municipal Airport"
1483,LYS,"Lyon, France Satolas"
1484,MST,"Maastricht, Netherlands ZuidLimburg"
1485,MCP,"Macapa, Amapa, Brazil"
1486,MFM,"Macau, Macau SAR, China"
1487,MCZ,"Maceio, Brazil   Palmares Airport"
1488,MKY,"Mackay, Queensland, Australia Mackay"
1489,MCN,"Macon, GA, USA Lewis B Wilson"
1490,MAG,"Madang, Papua New Guinea Madang"
1491,MED,"Madinah, Saudi Arabia   Prince Mohammad Bin Abdulaziz"
1492,MSN,"Madison, WI, USA Dane County Regional Airport"
1493,MAA,"Madras (Chennai), India  Chenai Meenambarkkam Airport"
1494,MAD,"Madrid, Spain Barajas"
1495,IXM,"Madurai, India Madurai"
1496,HGN,"Mae Hong Son, Thailand Mae Hong Son"
1497,GDX,"Magadan, Russia Magadan"
1498,SEZ,"Mahe Island, Seychelles Mahe Island Seychelles Intl"
1499,MMO,"Maio, Cape Verde   Maio Airport"
1500,MAJ,"Majuro, Marshall Islands International"
1501,MQX,"Makale, Ethiopia   Makale Airport"
1502,MZG,"Makung, Taiwan Airport"
1503,AAM,"Mala Mala Airport"
1504,SSG,"Malabo, Equatorial Guinea Santa Isabel"
1505,AGP,"Malaga, Spain Malaga"
1506,MLG,"Malang, Indonesia"
1507,MLX,"Malatya, Turkey   Malatya Airport"
1508,MLE,"Male, Maldives Male International"
1509,HMA,"Malmo, Sweden Malmo Harbour"
1510,JMM,"Malmo, Sweden Malmo Harbour Heliport"
1511,MMX,"Malmo, Sweden Sturup"
1512,PTF,"Malololailai, Fiji Malololailai"
1513,MLA,"Malta, Malta Luqa"
1514,MMH,"Mammoth Lakes, CA, USA Mammoth Lakes Airport"
1515,MNF,"Mana Island, Fiji   Mana Airport"
1516,MDC,"Manado, Indonesia Samratulang"
1517,MGA,"Managua, Nicaragua"
1518,MAO,"Manaus, Amazonas, Brazil Eduardo Gomes"
1519,MAN,"Manchester, England, United Kingdom International"
1520,MHT,"Manchester, NH, USA Manchester"
1521,MDL,"Mandalay, Myanmar (Burma)   Annisaton Airport"
1522,MXW,"Mandalgovi, Dundgovi, Mongolia   Mandalgovi Airport"
1523,IXE,"Mangalore, India Bajpe"
1524,MAY,"Mangrove Cay, Bahamas"
1525,MHK,"Manhattan, KS, USA Manhattan Municipal"
1526,MNL,"Manila, Philippines Ninoy Aquino International"
1527,MBL,"Manistee, MI, USA Manistee Blacker Airport"
1528,YTH,"Manitoba Thompson Airport, Manitoba, Canada   Manitoba Thompson Airport"
1529,MZL,"Manizales, Colombia Santaguida"
1530,MHG,"Mannheim, Germany   Mannheim Airport"
1531,KMO,"Manokotak, Alaska, USA   Manokotak Airport"
1532,MKW,"Manokwari, Indonesia Rendani"
1533,MSE,"Manston, Kent, United Kingdom   Kent International Airport"
1534,ZLO,"Manzanillo, Colima, Mexico Aeropuerto International"
1535,MTS,"Manzini, Swaziland   Manzini Airport"
1536,MXS,"Maotoa, (Western) Samoa   Savaii Airport"
1537,MPM,"Maputo, Mozambique Maputo International"
1538,MDQ,"Mar Del Plata, Buenos Aires, Argentina"
1539,MAB,"Maraba, Brazil   Maraba Airport"
1540,MAR,"Maracaibo, Venezuela La Chinita"
1541,MTH,"Marathon, FL, USA"
1542,YSP,"Marathon, Ontario, Canada"
1543,MRK,"Marco Island, FL, USA"
1544,MQM,"Mardin, Turkey   Mardin Airport"
1545,MGH,"Margate, South Africa   Margate Airport"
1546,MBX,"Maribor Airport   Orehova Vas/Slivnica, Slovenia"
1547,MHQ,"Mariehamn, Aland Island, Finland"
1548,MGF,"Maringa, Brazil   Maringa Airport"
1549,MWA,"Marion, IL, USA"
1550,MQT,"Marquette, MI, USA Marquette County Airport"
1551,RAK,"Marrakech, Morocco Menara"
1552,MRS,"Marseille, France MarseilleProvence"
1553,MHH,"Marsh Harbour, Bahamas"
1554,RMF,"Marsa Alam, Egypt   Marsa Alam Airport"
1555,LMQ,"Marsa Brega, Libya"
1556,MVY,"Martha's Vineyard, MA, USA"
1557,MUR,"Marudi, Malaysia   Marudi Airport"
1558,MSU,"Maseru, Lesotho Maseru"
1559,MHD,"Mashad, Iran   Mashad Airport"
1560,MCW,"Mason City, IA, USA Mason City Municipal Airport"
1561,MSS,"Massena, NY, USA"
1562,MAM,"Matamoros, Tamaulipas, Mexico Servando Canales"
1563,AMI,"Mataram, Indonesia Selaparang"
1564,MMJ,"Matsumoto, Japan   Matsumoto Airport"
1565,MYJ,"Matsuyama, Japan Matsuyama"
1566,MUN,"Maturin, Venezuela"
1567,MUB,"Maun, Botswana"
1568,MRU,"Mauritius, Mauritius Plaisance"
1569,XID,"Maxville, Ontario, Canada Maxville / Via Rail Service"
1570,MYG,"Mayaguana, Bahamas   Mayaguana Airport"
1571,MAZ,"Mayaguez, PR, USA El Maui"
1572,MZT,"Mazatlan, Sinaloa, Mexico Buelna"
1573,MFE,"Mc Allen/Mission, TX, USA"
1574,MCK,"Mc Cook, NE, USA   Municipal"
1575,MCG,"Mc Grath, AK, USA   Mc Grath"
1576,MES,"Medan, Indonesia   Polonia"
1577,EOH,"Medellin, Colombia   Enrique Olaya Herrera"
1578,MDE,"Medellin, Colombia   Jose Maria Cordova/Metropolitan Area"
1579,MFR,"Medford, OR, USA   Medford/Jackson County Airport"
1580,YXH,"Medicine Hat, Alberta, Canada   Medicine Hat Airport"
1581,MED,"Medinah, Saudi Arabia   Madinah Prince Mohammad Bin Abdulaziz"
1582,MEY,"Meghauli, Nepal Meghauli"
1583,MEH,"Mehamn, Norway   Mehamn Airport"
1584,MXZ,"Meixian, China   Meixian"
1585,MKS,"Mekane Selam, Ethiopia   Mekane Selam Airport"
1586,MYU,"Mekoryuk, Alaska, USA   Mekoryuk Airport"
1587,MLB,"Melbourne, FL, USA Melbourne International Airport"
1588,MEL,"Melbourne, Victoria, Australia   Tullamarine"
1589,MLN,"Melilla, Spain   Melilla Airport"
1590,XEK,"Melville, Saskatchewan, Canada   Melville / Via Rail Service"
1591,MMB,"Memanbetsu, Japan"
1592,MEM,"Memphis, TN, USA Memphis International Airport"
1593,MDZ,"Mendoza, Mendoza, Argentina   El Plumerillo"
1594,MNM,"Menominee, MI, USA   Twin County Airport"
1595,MAH,"Menorca, Spain   Aerop De Menorca"
1596,MCE,"Merced, California   Merced Airport"
1597,MRD,"Merida, Venezuela   Alberto Carnevalli"
1598,MID,"Merida, Yucatan, Mexico   Merida Internationl"
1599,MEI,"Meridian, MS, USA Key Field"
1600,MIM,"Merimbula, Australia   Merimbula Airport"
1601,AZA,"Mesa, Arizona, USA   Phoenix Mesa Gateway Airport (formerly Williams Gateway Airport)"","
1602,ETZ,"Metz/Nancy, France Frescaty"
1603,MXL,"Mexicali, Baja California, Mexico Rodolfo Sanchez Taboada"
1604,MEX,"Mexico City, Distrito Federal, Mexico Juarez Intl Airport"
1605,MIA,"Miami, FL, USA Miami International Airport"
1606,MPB,"Miami, FL, USA Miami Public Seaplane Base"
1607,OPF,"Miami, FL, USA Opa Locka"
1608,MBS,"Midland / Bay City / Saginaw, MI, USA TriCity Airport"
1609,MAF,"Midland/Odessa, TX, USA Midland Intl Airport"
1610,MYE,"Mikake Jima, Japan   Mikake Jima Airport"
1611,JMK,"Mikonos, Greece Mikonos"
1612,LIN,"Milan, Italy Linate"
1613,MXP,"Milan, Italy Malpensa"
1614,BGY,"Milan, Italy Orio Al Serio"
1615,MQL,"Mildura, Victoria, Australia Mildura"
1616,MLS,"Miles City, MT, USA Miles City"
1617,MFN,"Milford Sound, New Zealand"
1618,MLT,"Millinocket, Maine, USA   Millinocket airport"
1619,MLO,"Milos, Greece Milos"
1620,MKE,"Milwaukee, WI, USA General Mitchell Field"
1621,MTT,"Minatitlan, Mexico   Minatitlan Airport"
1622,MSP,"Minneapolis, MN, USA Minneapolis/St Paul Intl Airport"
1623,MOT,"Minot, ND, USA Minot International Airport"
1624,MRV,"Min Vody, Russia   Min Vody Airport"
1625,MSQ,"Minsk, Belarus Minsk"
1626,MYY,"Miri, Sarawak, Malaysia Miri"
1627,MSJ,"Misawa, Japan"
1628,MCQ,"Miskolc, Hungary   Miskolc Airport"
1629,MSO,"Missoula, MT, USA Missoula International"
1630,MRA,"Misurata, Libya"
1631,KMI,"Miyazaki, Japan Miyazaki"
1632,MMY,"Miyako Jima, Japan   Miyako Jima Airport"
1633,MTF,"Mizan Teferi, Ethiopia   Mizan Teferi Airport"
1634,MBD,"Mmabatho, South Africa   Mmabatho Airport"
1635,MQN,"Mo I Rana, Norway Rossvoll"
1636,CNY,"Moab, UT, USA"
1637,MOB,"Mobile, AL, USA Mobile Municipal"
1638,MOD,"Modesto, CA, USA Harry Sham Feild"
1639,MGL,"Moenchengladbach, Germany   Moenchengladbach Airport"
1640,MGQ,"Mogadishu, Somalia"
1641,NWA,"Moheli, Comoros"
1642,MJD,"Mohenjodaro, Pakistan   Mohenjodaro Airport"
1643,MPK,"Mokpo, Republic of Korea   Mokpo Airport"
1644,MOL,"Molde, Norway Aro"
1645,MLI,"Moline, IL, USA Quad City Airport"
1646,MBA,"Mombasa, Kenya Moi International"
1647,MIR,"Monastir, Tunisia Skanes"
1648,MBE,"Monbetsu, Japan   Monbetsu Airport"
1649,LOV,"Monclova, Coahuila, Mexico Monclova Airport"
1650,YQM,"Moncton, New Brunswick, Canada   Greater Moncton International Airport"
1651,MLU,"Monroe, LA, USA"
1652,ROB,"Monrovia, Liberia   Roberts International Airport"
1653,MLW,"Monrovia, Liberia   Spriggs Payne Airport"
1654,YYY,"Mont Joli, Quebec, Canada"
1655,MCM,"Monte Carlo, Monaco Hel De Monte Carlo"
1656,MEU,"Monte Dourado, Brazil   Monte Dourado Airport"
1657,MBJ,"Montego Bay, Jamaica Sangster"
1658,MRY,"Monterey / Carmel, CA, USA Monterey Peninsula Airport"
1659,MTY,"Monterrey, Nuevo Leon, Mexico Escobedo"
1660,MOC,"Montes Claros, Brazil   Montes Claros Airport"
1661,MVD,"Montevideo, Uruguay Carrasco"
1662,MGM,"Montgomery, AL, USA Dannelly Field"
1663,MPL,"Montpellier, France Frejorgues"
1664,YMQ,"Montreal, QC (Quebec), Canada   'metro code', represents all major airports in the metropolital area of Montreal"
1665,YMX,"Montreal   Mirabel, Quebec, Canada"
1666,YUL,"Montreal   Dorval, Quebec, Canada   Montreal?Pierre Elliott Trudeau International Airport"
1667,YHU,"Montreal, Canada   St. Hubert Airport"
1668,MTJ,"Montrose, CO, USA Montrose County Airport"
1669,MNI,"Montserrat, Montserrat   Blackburne"
1670,MOZ,"Moorea Island, French Polynesia   Temae Airport"
1671,YMO,"Moosonee, Ontario, Canada   Moosonee"
1672,MRZ,"Moree, Australia   Moree Airport"
1673,MLM,"Morelia, Michoacan, Mexico Municipal"
1674,MGW,"Morgantown, WV, USA Morgantown Municipal Airport"
1675,HNA,"Morioka, Japan Hanamaki"
1676,ONG,"Mornington, Queensland, Australia Mornington Is"
1677,MXV,"Moron, Khovsgol, Mongolia   Moron Airport"
1678,HAH,"Moroni (Hahaya), Comoros"
1679,YVA,"Moroni (Hahaya/Iconi)Comoros"
1680,MMU,"Morristown, NJ, USA Morristown"
1681,MYA,"Moruya, New South Wales, Australia Moruya"
1682,MOW,"Moscow, Russia"
1683,DME,"Moscow, Russia   Domodedovo"
1684,SVO,"Moscow, Russia   Sheremetyevo"
1685,VKO,"Moscow, Russia   Vnukovo"
1686,MWH,"Moses Lake, Washington, USA   Grant County Airport"
1687,JRO,"Moshi, Tanzania   Kilimanjaro Airport"
1688,CWA,"Mosinee/Wausau, WI, USA   Central Wisconsin Airport"
1689,MJF,"Mosjoen, Norway   Kjaerstad Airport"
1690,MGB,"Mount Gambier, Australia   Mt Gambier Airport"
1691,HGU,"Mount Hagen, Papua New Guinea   Kagamuga Airport"
1692,LLY,"Mount Holly, NJ, USA Mt Holly"
1693,MHU,"Mount Hotham, Australia   Mt Hotham Airport"
1694,ISA,"Mount Isa, Australia   Mt Isa Airport"
1695,MPN,"Mount Pleasant, Falkland Islands (Islas Malvinas)   Mounr Pleasant Airport"
1696,TPR,"Mount Tom Price, Australia   Mt Tom Price Airport"
1697,MVN,"Mount Vernon, IL, USA Mount Vernon Outland Airport"
1698,WMH,"Mountain Home, AR, USA"
1699,MPA,"Mpacha, Namibia"
1700,ODY,"Muang Xay, Laos   Oudomsay Airport"
1701,MDG,"Mudanjiang, China   Mudanjiang"
1702,FMO,"Muenster, Germany Muenster"
1703,MKM,"Mukah, Sarawak, Malaysia"
1704,MLH,"Mulhouse, France   Basel Mulhouse Euro Airport"
1705,MUX,"Multan, Pakistan   Multan Airport"
1706,MZV,"Mulu, Malaysia Mulu Airport"
1707,BOM,"Mumbai (Bombay), India   Mumbai"
1708,MIE,"Muncie, IN, USA Delaware County Airport"
1709,MUC,"Munich, Germany Franz Josef Strauss"
1710,MIG,"Munich, Germany   Neubiberg Air Base Airport"
1711,MJV,"Murcia, Spain San Javier"
1712,MMK,"Murmansk, Russia Murmansk"
1713,QMQ,"Murzuq (Marzuq), Libya"
1714,MSR,"Mus, Turkey   Mus Airport"
1715,MCT,"Muscat, Oman Seeb"
1716,MSL,"Muscle Shoals / Florence / Sheffield, AL, USA Muscle Shoals"
1717,MKG,"Muskegon, MI, USA Muskegon County Intl Airport"
1718,MQS,"Mustique, Saint Vincent and The Grenadines   Mustique Airport"
1719,MWZ,"Mwanza, Tanzania   Mwanza Airport"
1720,MYR,"Myrtle Beach, SC, USA"
1721,MJT,"Mytilene, Greece Mytilene"
1722,NDJ,"N Djamena, Chad N'djamena"
1723,NAN,"Nadi, Fiji International"
1724,NDR,"Nador, Morocco   Nador Airport"
1725,WNP,"Naga, Philippines   Naga Airport"
1726,NGS,"Nagasaki, Japan Nagasaki"
1727,NGO,"Nagoya, Japan   Chubu Centrair International Airport"
1728,NKM,"Nagoya/Komaki, Japan   Nagoya Airfield"
1729,NAG,"Nagpur, India Sonegaon"
1730,NAH,"Naha, Indonesia"
1731,NBO,"Nairobi, Kenya Jomo Kenyatta Internatonal"
1732,WIL,"Nairobi, Kenya Wilson Arpt"
1733,SHB,"Nakashibetsu, Japan   Nakashibetsu Airport"
1734,NAK,"Nakhon Ratchasima, Thailand Nakhon Ratchasima"
1735,NST,"Nakhon Si Thammarat, Thailand   Nakhon Si Thammarat Airport"
1736,NMA,"Namangan, Uzbekistan   Namangan Airport"
1737,APL,NampulaMozambique
1738,ZNA,"Nanaimo, British Columbia, Canada"
1739,YCD,"Nanaimo, British Columbia, Canada Cassidy Airport"
1740,KHN,"Nanchang, China   Nanchang"
1741,YSR,"Nanisivik, Canada   Nanisivik Airport"
1742,NKG,"Nanjing, China"
1743,NNY,"Nanyang, China   Nanyang"
1744,SHM,"Nanki Shirahama, Japan   Nanki Shirahama Airport"
1745,NNG,"Nanning, China"
1746,NTE,"Nantes, France NantesChateau Bougon"
1747,NTG,"Nantong, China   Nantong"
1748,ACK,"Nantucket, MA, USA"
1749,WNA,"Napakiak, AK, USA Napakiak"
1750,NPE,"Napier Hastings, New Zealand   Napier Hawkes Bay Airport"
1751,APF,"Naples, FL, USA"
1752,NAP,"Naples, Italy Capodichino"
1753,NAA,"Narrabri, Australia   Narrabri Airport"
1754,NRA,"Narrandera, Australia   Narrandera Airport"
1755,UAK,"Narsarsuaq, Greenland Narssarssuaq"
1756,JNS,"Narssaq, Greenland"
1757,NNM,"Naryan Mar, Russia   Naryan Mar Airport"
1758,BNA,"Nashville, TN, USA Nashville Metropolitan Airport"
1759,NAS,"Nassau, Bahamas Nassau International Airport"
1760,PID,"Nassau, Bahamas Paradise Island"
1761,NAT,"Natal, Rio Grande Do Norte, Brazil Agusto Severo"
1762,YNA,"Natashquan, Canada   Natashquan Airport"
1763,INU,"Nauru, Nauru"
1764,NVT,"Navegantes, Santa Catarina, Brazil"
1765,JNX,"Naxos, Cyclades Islands, Greece Naxos Airport"
1766,NLA,"Ndola, Zambia Ndola"
1767,NEC,"Necochea, Buenos Aires, Argentina Necochea"
1768,EAM,"Nejran, Saudi Arabia   Nejran Airport"
1769,NSN,"Nelson, New Zealand Nelson"
1770,NLG,"Nelson Lagoon, Alaska, USA   Nelson Lagoon Airport"
1771,NLP,"Nelspruit, South Africa"
1772,MQP,"Nelspruit, South Africa   Kruger Mpumalanga Airport"
1773,NER,"Neryungri, Russia   Neryungri Airport"
1774,KEP,"Nepalganj, Nepal Nepalganj"
1775,NQN,"Neuquen, Argentina   Airport"
1776,NEV,"Nevis, Leeward Islands, Saint Kitts And Nevis"
1777,EWB,"New Bedford/Fall River, MA, USA New Bedford Municipal"
1778,EWN,"New Bern, NC, USA SimmonsNott Airport"
1779,XEL,"New Carlisle, Quebec, Canada New Carlisle / Via Rail Service"
1780,HVN,"New Haven, CT, USA Tweed New Haven"
1781,MSY,"New Orleans, LA, USA   Louis Armstrong New Orleans International Airport (Moisant International Airport)"","
1782,NPL,"New Plymouth, New Zealand New Plymouth"
1783,XEM,"New Richmond, Quebec, Canada New Richmond / Via Rail Service"
1784,KNW,"New Stuyahok, Alaska, USA   New Stuyahok Airport"
1785,JRA,"New York City, NY, USA"
1786,TSS,"New York, NY, USA East 34Th Street Heliport"
1787,JFK,"New York, NY, USA John F Kennedy Intl Airport"
1788,LGA,"New York, NY, USA Laguardia"
1789,EWR,"Newark, NJ, USA Newark International Airport"
1790,SWF,"Newburgh/Poughkeepsie, NY, USA Stewart"
1791,NCL,"Newcastle, England, United Kingdom International"
1792,XEY,"Newcastle, New Brunswick, Canada Newcastle / Via Rail Service"
1793,BEO,"Newcastle, New South Wales, Australia Belmont"
1794,NTL,"Newcastle, New South Wales, Australia Williamtown"
1795,ZNE,"Newman, Western Australia, Australia Newman"
1796,PHF,"Newport News/Williamsburg/Hampton, VA, USA Patrick Henry Intl"
1797,NQY,"Newquay, England, United Kingdom Newquay Civil"
1798,WWT,"Newtok, Alaska, USA   Newtok Airport"
1799,NHA,"Nha Trang, Vietnam   Nha Trang Airport"
1800,XLV,"Niagara Falls, Ontario, Canada"
1801,NIM,"Niamey, Niger   Niamey Airport"
1802,NCE,"Nice, France Cote D'azur"
1803,NME,"Nightmute, Alaska, USA   Nightmute Airport"
1804,KIJ,"Niigata, Japan   Niigata Airport"
1805,IKO,"Nikolski, Alaska, USA   Nikolski Airport"
1806,FNI,"Nimes, France   Nimes Airport"
1807,NGB,"Ningbo, China   Ningbo"
1808,NIX,"Nioro, Mali   Nioro Airport"
1809,NFO,"Niuafo'Ou, Tonga   Niuafo ou Airport"
1810,NTT,"Niuatoputapu, Tonga   Niuatoputapu Airport"
1811,IUE,"Niue, Niue   Niue Airport"
1812,NJC,"Nizhnevartovsk, Russia Nizhnevartovsk"
1813,GOJ,"Nizhniy Novgorod, Russia Nizhniy"
1814,OME,"Nome, AK, USA"
1815,OFK,"Norfolk, NE, USA Karl Stefan Memorial Airport"
1816,ORF,"Norfolk, VA, USA Norfolk International Airport"
1817,NLK,"Norfolk Island, Australia   Norfolk Island Airport"
1818,NSK,"Norilsk, Russia   Norilsk Airport"
1819,NRK,"Norrkoping, Sweden   Kungsangen Airport"
1820,YYB,"North Bay, Ontario, Canada Jack Garland Airport"
1821,OTH,"North Bend, OR, USA"
1822,NCA,"North Caicos, Turks And Caicos Islands"
1823,ELH,"North Eleuthera, Bahamas"
1824,LBF,"North Platte, NE, USA Lee Bird Field"
1825,NWI,"Norwich, England, United Kingdom Norwich"
1826,OWD,"Norwood, MA, USA Memorial Code: Owd"
1827,NKC,"Nouakchott, Mauritania Nouakchott"
1828,GEA,"Noumea, New Caledonia   Magenta Airport"
1829,NOU,"Noumea, New Caledonia   Tontouta"
1830,OVB,"Novosibirsk, Russia Tolmachevo"
1831,NUX,"Novy Urengoy, Russia   Novy Urengoy Airport"
1832,NLD,"Nuevo Laredo, Tamaulipas, Mexico"
1833,TBU,"Nuku Alofa/Tongatapu, Tonga   International"
1834,NCU,"Nukus, Uzbekistan   Nukus Airport"
1835,NUE,"Nuremberg, Germany Nuremberg"
1836,GOH,"Nuuk, Greenland"
1837,NYU,"Nyaung U, Myanmar (Burma)   Nyaung U Airport"
1838,ODW,"Oak Harbor, WA, USA"
1839,OAK,"Oakland, CA, USA Metropolitan Oakland Intl Apt"
1840,XOK,"Oakville, Ontario, Canada Oakville / Via Rail Service"
1841,OAX,"Oaxaca, Oaxaca, Mexico Xoxocotlan"
1842,OBO,"Obihiro, Japan Obihiro"
1843,OCJ,"Ochos Rios, Jamaica   Ochos Rios Airport"
1844,ONJ,"Odate Noshiro, Japan   Odate Noshiro Airport"
1845,ODE,"Odense, Denmark Odense"
1846,ODS,"Odessa, Ukraine Central"
1847,OGS,"Ogdensburg, NY, USA"
1848,OHD,"Ohrid, Macedonia Ohrid"
1849,OIT,"Oita, Japan Oita"
1850,VPS,"Okaloosa County/Valparaiso, FL, USA   Fort Walton Beach/Okaloosa County Regional Airport"
1851,OKJ,"Okayama, Japan Okayama"
1852,OKA,"Okinawa, Ryukyu Islands, Japan Naha Field"
1853,OKC,"Oklahoma City, OK, USA Will Rogers World Airport"
1854,OLB,"Olbia, Italy   Costa Smeralda"
1855,ULG,"Olgii, Bayan Olgii, Mongolia   Olgii Airport"
1856,OLM,"Olympia, WA, USA"
1857,OLP,"Olympic Dam, Australia   Olympic Dam Airport"
1858,OMA,"Omaha, NE, USA Eppley Airfield"
1859,OMS,"Omsk, Russia   Omsk Airport"
1860,UNR,"Ondorkhaan, Khentii, Mongolia   Ondorkhaan Airport"
1861,ONT,"Ontario, CA, USA Ontario International"
1862,OMR,"Oradea, Romania Oradea"
1863,ORN,"Oran, Algeria Es Senia"
1864,OAG,"Orange, New South Wales, Australia Springhill"
1865,ORB,"Orebro, Sweden Orebro"
1866,MBX,"Orehova Vas/Slivnica, Slovenia   Maribor Airport"
1867,ORL,"Orlando, FL, USA Herndon"
1868,MCO,"Orlando, FL, USA Orlando International Airport"
1869,SFB,"Orlando, FL, USA   Sanford Central Florida Regional Airport"
1870,OER,"Ornskoldsvik, Sweden   Ornskoldsvik Airport"
1871,ITM,"Osaka, Japan Itami International Was Osaka"
1872,KIX,"Osaka, Japan Kansai International"
1873,OSA,"Osaka, Japan Osaka International"
1874,YOO,"Oshawa, Ontario, Canada"
1875,OIM,"Oshima, Japan   Oshima Airport"
1876,OSH,"Oshkosh, WI, USA Wittman Field"
1877,OSL,"Oslo, Norway"
1878,ZOS,"Osorno, Chile   Osorno Airport"
1879,OST,"Ostend, Belgium   Ostend/Bruges International Airport"
1880,OSD,"Ostersund, Sweden Froesoe"
1881,OSR,"Ostrava, Czech Republic   Ostrava Mosnov Airport"
1882,YOW,"Ottawa, Ontario, Canada Ottawa International"
1883,OTM,"Ottumwa, IA, USA Ottumwa Industrial Airport"
1884,OUA,"Ouagadougou, Burkina Faso Ouagadougou"
1885,OZZ,"Ouarzazate, Morocco Ouarzazate"
1886,OUD,"Oujda, Morocco   Oujda Les Angades Airport"
1887,OUL,"Oulu, Finland Oulu"
1888,VDA,"Ovda, Israel"
1889,OVD,"Oviedo/Asturias, Spain   Oviedo Airport"
1890,OWB,"Owensboro, KY, USA"
1891,OXR,"Oxnard / Ventura, CA, USA Oxnard Airport"
1892,PDG,"Padang, Indonesia Tabing"
1893,PAD,"Paderborn, Germany Paderborn"
1894,PAH,"Paducah, KY, USA"
1895,PGA,"Page, AZ, USA"
1896,PPG,"Pago Pago, American Samoa International"
1897,PKZ,"Pakse, Laos   Pakse International Airport"
1898,YIF,"Pakuashipi, Canada   Pakuashipi Airport"
1899,PLQ,"Palanga, Lithuania Palanga"
1900,PLM,"Palembang, Indonesia Sultan Mahmud Badaruddin Ii"
1901,PMO,"Palermo, Sicily, Italy Punta Raisi"
1902,PBI,"Palm Beach/West Palm Beach, FL, USA Palm Beach International Airport"
1903,PSP,"Palm Springs, CA, USA Palm Springs Municipal"
1904,PMI,"Palma Mallorca, Mallorca Island, Spain Palma Mallorca"
1905,PMW,"Palmas, Brazil   Palmas Airport"
1906,PMD,"Palmdale, CA, USA Air Force 42"
1907,PMR,"Palmerston North, New Zealand Palmerstown North"
1908,PAO,"Palo Alto, California, United States   Palo Alto of Santa Clara County Airport"
1909,PLW,"Palu, Indonesia Mutiara"
1910,PNA,"Pamplona, Spain Pamplona Noain"
1911,PFN,"Panama City, FL, USA   Bay County Airport"
1912,PAC,"Panama City, Panama   Paitilla Airport"
1913,PTY,"Panama City, Panama Tocumen International Airport"
1914,PAM,"Panama City, Florida, USA   Tyndall AFB Panama City Airport"
1915,YXP,"Pangnirtung, Canada   Pangnirtung Airport"
1916,PJG,"Panjgur, Pakistan"
1917,PNL,"Pantelleria, Italy Pantelleria"
1918,PPT,"Papeete, French Polynesia Intl TahitiFaaa"
1919,PFO,"Paphos, Cyprus International"
1920,PBO,"Paraburdoo, Western Australia, Australia Paraburdoo"
1921,PBM,"Paramaribo, Suriname Zanderij Intl"
1922,XFE,"Parent, Quebec, Canada Parent / Via Rail Service"
1923,PAR,"Paris, France"
1924,CDG,"Paris, France Charles De Gaulle"
1925,JDP,"Paris, France Issy Les Moulineaux"
1926,LBG,"Paris, France   Le Bourget Airport"
1927,ORY,"Paris, France Orly"
1928,BVA,"Paris Beauvais Airport (Beauvais Tillé), France"
1929,PKB,"Parkersburg / Marietta, WV, USA Wood County"
1930,PKE,"Parkes, New South Wales, Australia Parkes"
1931,XPB,"Parksville, British Columbia, Canada Parksville / Via Rail Service"
1932,PMF,"Parma, Italy   Parma Airport"
1933,PAS,"Paros, Greece Paros Community"
1934,PSC,"Pasco, Washington, USA   Pasco Airport"
1935,IXT,"Pasighat, India Pasighat"
1936,PSI,"Pasni, Pakistan   Pasni Airport"
1937,PFB,"Passo Fundo, Brazil   Passo Fundo Airport"
1938,PSO,"Pasto, Colombia Cano"
1939,IXP,"Pathankot, India Pathankot"
1940,PAT,"Patna, India Patna"
1941,PUF,"Pau, France Pau Uzein  Pyrenees Airport"
1942,YPE,"Peace River, Alberta, Canada Peace River"
1943,PKU,"Pekanbaru, Indonesia Simpang Tiga"
1944,PLN,"Pellston, MI, USA Pellston Regional Airport"
1945,YBB,"Pelly Bay, Canada   Townsite Airport"
1946,YTA,"Pembroke, Ontario, Canada Pem And Area Apt"
1947,PEN,"Penang, Malaysia Penang International"
1948,YPT,"Pender Harbor, Canada   Pender Harbor Airport"
1949,PDT,"Pendleton, OR, USA"
1950,PNS,"Pensacola, FL, USA"
1951,YYF,"Penticton, British Columbia, Canada"
1952,PZE,"Penzance, England, United Kingdom Penzance"
1953,PIA,"Peoria, IL, USA Greater Peoria Airport"
1954,XFG,"Perce, Quebec, Canada Perce / Via Rail Service"
1955,PEI,"Pereira, Colombia Matecana"
1956,PGX,"Perigueux, France"
1957,PEE,"Perm, Russia Perm"
1958,KPV,"Perryville, Alaska, USA   Perryville Airport"
1959,PGF,"Perpignan, France Llabanere"
1960,PER,"Perth, Western Australia, Australia Perth"
1961,PEG,"Perugia, Italy Na"
1962,PSR,"Pescara, Italy Liberi"
1963,PEW,"Peshawar, Pakistan Peshawar"
1964,PSG,"Petersburg, AK, USA Municipal"
1965,PNZ,"Petrolina, Brazil   Petrolina International Airport"
1966,PKC,"Petropavlovsk, Russia Petropavlovsk Kamchatsky Airport"
1967,PES,"Petrozavodsk, Russia Petrozavodsk Kamchatsky Airport"
1968,PHW,"Phalaborwa, South Africa   Phalaborwa Airport"
1969,PHL,"Philadelphia, PA, USA Philadelphia International Airport"
1970,PHS,"Phitsanulok, Thailand"
1971,PNH,"Phnom Penh, Cambodia Pochentong"
1972,PHX,"Phoenix, AZ, USA Sky Harbor International Airport"
1973,AZA,"Phoenix/Messa, Arizona, USA   Phoenix Mesa Gateway Airport (formerly Williams Gateway Airport)"","
1974,XKH,"Phonsavan, Laos   Xieng Khouang Airport"
1975,HKT,"Phuket, Thailand Phuket"
1976,PQC,"Phuquoc, Vietnam   Phuquoc Airport"
1977,PDS,"Piedras Negras, Mexico   Piedras Negras Airport"
1978,PIR,"Pierre, SD, USA Pierre Municipal Airport"
1979,PTG,"Pietersburg, South Africa"
1980,PZB,"Pietermaritzburg, South Africa   Pietermaritzburg Airport"
1981,PIW,"Pikwitonei, Manitoba, Canada"
1982,PIP,"Pilot Point, Alaska, USA   Pilot Point Airport"
1983,UGB,"Pilot Point, Alaska, USA   Ugashik Bay Airport"
1984,PSA,"Pisa, Italy G Galilei"
1985,AGC,"Pittsburgh/Allegheny County, PA, USA"
1986,PIT,"Pittsburgh, PA, USA Greater Pit Intnl Airport"
1987,THU,"Pituffik, Greenland Thule Airport"
1988,PIU,"Piura, Peru   Piura Airport"
1989,PTU,"Platinum, Alaska, USA   Platinum Airport"
1990,PLB,"Plattsburgh, NY, USA"
1991,PXU,"Pleiku, Vietnam   Pleiku Airport"
1992,PLH,"Plymouth, England, United Kingdom Plymouth Airport"
1993,PIH,"Pocatello, ID, USA"
1994,TGD,"Podgorica, Yugoslavia Golubovci"
1995,KPO,"Pohang, South Korea Na"
1996,PNI,"Pohnpei, Caroline Islands, Micronesia Pohnpei International"
1997,PHO,"Point Hope, AK, USA Point Hope"
1998,PTP,"Pointe A Pitre, Guadeloupe Le Raizet"
1999,PNR,"Pointe Noire, Congo Pointe Noire"
2000,XPX,"PointeAuxTrembles, Quebec, Canada Pointe Aux Trembles / Via Rail Service"
